f1,f2,f3,f4,f5,f6,f7,f8,f9,f10,f11,f12,f13,f14,f15,f16,f17,f18,f19,tag
0,0,0,0,0,0,0,0,0,146,0,0,0,0,0,1,0,0,0,0
0,0,0,0,0,0,0,1,0,286,0,1,0,0,0,0,0,0,0,0
0,0,0,0,0,0,0,1,1,151,0,1,0,0,0,1,0,0,1,0
0,0,0,0,0,0,0,0,0,57,0,1,0,0,0,1,0,0,1,0
0,0,0,0,0,0,0,0,0,123,0,1,0,0,0,1,0,0,1,0
0,0,0,0,0,0,0,0,0,0,1,0,0,0,0,0,1,1,0,0
0,0,0,0,0,0,0,1,0,283,0,0,0,0,0,0,0,0,0,0
0,0,0,0,0,0,0,1,0,58,0,0,0,0,0,1,0,0,1,0
0,1,0,0,0,0,0,0,0,69,0,0,0,0,0,0,1,0,0,0
0,0,0,0,0,0,0,1,0,250,0,1,0,0,0,1,0,0,0,0
0,0,0,0,0,0,0,0,0,44,0,1,0,0,1,1,1,0,1,0
0,0,0,0,0,0,0,1,1,88,0,0,0,0,0,0,1,0,0,0
0,0,0,0,0,0,0,0,0,227,0,1,0,0,0,1,0,0,1,0
0,0,0,0,0,0,0,0,0,187,0,0,0,0,0,1,1,0,1,0
0,0,0,0,0,0,0,0,0,4,0,0,0,0,0,0,1,0,0,0
0,0,0,0,0,0,0,0,0,0,1,0,0,0,0,0,1,1,0,0
0,0,0,0,0,0,0,0,0,59,0,1,0,0,0,1,1,0,0,0
0,0,0,0,0,0,0,1,0,447,0,1,0,0,0,1,0,0,1,0
0,0,0,0,0,0,0,0,0,143,0,1,0,0,0,0,0,0,1,0
0,0,0,0,0,0,0,0,0,345,0,0,0,0,0,0,0,0,0,0
0,0,0,0,0,0,0,0,1,369,0,0,0,0,0,1,1,0,0,0
0,0,0,0,0,0,0,1,0,74,0,0,0,0,0,0,1,0,0,0
0,0,0,0,0,0,0,1,0,2,0,1,0,0,0,0,1,1,0,0
0,0,0,0,0,0,0,0,0,302,0,0,0,0,0,0,1,0,0,0
0,0,0,0,0,0,0,0,0,35,0,0,0,0,0,1,0,0,0,0
0,0,0,0,0,0,0,0,0,87,0,0,0,0,0,0,1,0,0,0
0,0,0,0,0,0,0,0,0,4,0,0,0,0,0,0,1,0,0,0
0,0,0,0,0,0,0,0,0,0,1,0,0,0,0,0,1,1,0,0
0,0,0,0,0,0,0,0,1,2,0,0,0,0,0,0,1,1,0,0
0,0,0,0,0,0,0,0,0,1,0,1,0,0,0,0,1,0,1,0
0,0,0,0,0,0,0,0,0,6,0,1,0,0,1,1,1,0,0,0
0,0,0,0,0,0,0,1,0,225,0,1,0,0,0,1,0,0,1,0
0,0,0,0,0,0,0,0,0,8,0,1,0,0,0,1,1,0,1,0
0,0,0,0,0,0,0,0,0,0,1,0,0,0,0,0,1,1,0,0
0,0,0,0,0,0,0,0,0,69,0,0,0,0,1,0,1,0,0,0
0,0,0,0,0,0,0,1,0,29,0,1,0,0,1,0,1,0,0,0
0,0,0,0,0,0,0,0,0,81,0,1,0,0,0,1,1,0,1,0
0,0,0,0,0,0,0,1,0,439,0,0,0,0,0,0,0,0,1,0
0,0,0,0,0,0,0,1,0,312,0,0,0,0,0,0,1,0,1,0
0,0,0,0,0,0,0,1,1,244,0,1,0,0,0,1,1,0,1,0
0,0,0,0,0,0,0,1,0,0,1,0,0,0,0,0,0,0,0,0
0,0,0,0,0,0,0,1,1,80,0,1,0,0,0,0,0,0,0,0
0,0,0,0,0,0,0,0,0,1,0,1,0,0,1,0,1,1,0,0
0,0,0,0,0,0,0,1,0,356,0,1,0,0,0,0,0,0,0,0
0,0,0,0,0,0,0,0,0,1,0,1,0,0,1,0,1,1,0,0
0,0,0,0,0,0,0,1,0,131,0,0,0,0,0,0,0,0,0,0
0,0,0,0,0,0,0,1,1,302,0,1,0,0,0,1,0,0,1,0
0,0,0,0,0,0,0,1,1,362,0,0,0,0,0,0,0,0,1,0
0,0,0,0,0,0,0,0,0,128,0,1,0,0,0,0,0,0,0,0
0,0,0,0,0,0,0,0,0,1,0,1,0,0,0,0,1,1,0,0
0,0,0,1,0,0,0,0,0,110,0,0,0,0,0,0,1,0,0,0
0,0,0,0,0,0,0,1,0,3,0,1,0,0,0,0,1,1,1,0
0,0,0,0,0,0,0,1,0,30,0,1,0,0,1,0,1,0,0,0
0,0,0,0,0,0,0,0,0,0,1,0,0,0,0,0,1,1,0,0
0,0,0,0,0,0,0,1,0,196,0,1,0,0,0,1,0,0,1,0
0,0,0,0,0,0,0,1,0,2,0,0,0,0,0,0,1,0,0,0
0,0,0,0,0,0,0,0,0,1,0,0,0,0,0,0,1,1,0,0
0,0,0,0,0,0,0,1,0,208,0,1,0,0,0,1,1,0,0,0
0,0,0,0,0,0,0,0,0,2062,0,1,0,0,0,1,0,0,0,0
0,0,0,0,0,0,0,0,0,299,0,0,0,0,0,0,1,0,0,0
0,1,0,0,0,0,0,0,0,63,0,0,0,0,0,0,1,0,0,0
0,0,0,0,0,0,0,0,0,217,0,0,0,0,0,1,1,0,1,0
0,0,0,0,0,0,0,0,0,67,0,0,0,0,0,1,1,0,1,0
0,0,0,0,0,0,0,1,1,220,0,0,0,0,0,1,0,0,0,0
0,0,0,0,0,0,0,0,0,351,0,0,0,0,0,1,0,1,1,0
0,0,0,0,0,0,0,0,1,440,0,1,0,0,0,1,0,0,1,0
0,0,0,0,0,0,0,0,0,0,1,0,0,0,0,0,1,1,0,0
0,0,0,0,0,0,0,1,0,30,0,1,0,0,1,0,1,0,0,0
0,0,0,0,0,0,0,0,0,1563,0,0,0,0,0,1,0,0,0,0
0,0,0,0,0,0,0,0,0,160,0,0,0,0,0,1,0,0,1,0
0,0,0,0,0,0,0,0,0,0,1,0,0,0,0,0,1,1,0,0
0,0,0,0,0,0,0,0,0,132,0,0,0,0,0,0,1,1,0,0
0,0,0,0,0,0,0,0,0,223,0,0,0,0,0,1,1,0,0,0
0,0,0,0,0,0,0,1,1,85,0,0,0,0,0,1,0,0,1,0
0,0,0,0,0,0,0,0,0,85,0,0,0,0,0,1,0,0,0,0
0,0,0,0,0,0,0,1,0,2,0,0,0,0,0,0,1,1,0,0
0,0,0,0,0,0,0,0,1,283,0,0,0,0,0,1,1,0,0,0
0,0,0,0,0,0,0,0,0,366,0,0,0,0,0,0,1,0,1,0
0,0,0,0,0,0,0,1,1,432,0,0,0,0,0,0,1,0,0,0
0,0,0,0,0,0,0,1,0,179,0,0,0,0,0,1,0,0,0,0
0,0,0,1,0,0,0,1,0,182,0,0,0,0,0,0,1,0,0,0
0,0,0,0,0,0,0,0,0,0,1,0,0,0,0,0,1,1,0,0
0,0,0,0,0,0,0,1,0,204,0,0,0,0,0,1,0,0,1,0
0,0,0,0,0,0,0,1,0,409,0,1,0,0,0,0,0,0,0,0
0,0,0,0,0,0,0,0,0,91,0,1,0,0,0,0,0,0,1,0
0,0,0,0,0,0,0,0,0,32,0,1,0,0,0,0,1,0,0,0
0,0,0,0,0,0,0,0,0,86,0,0,0,0,0,1,1,0,0,0
0,0,0,0,0,0,0,0,0,781,0,0,0,0,0,1,0,0,1,0
0,0,0,1,0,0,0,0,1,50,0,0,0,0,0,0,1,0,0,0
0,0,0,0,0,0,0,0,0,120,0,0,0,0,0,1,1,0,1,0
0,0,0,0,0,0,0,1,0,30,0,1,0,0,1,0,1,0,0,0
0,0,0,0,0,0,0,0,0,59,0,0,0,0,0,0,1,1,0,0
0,0,0,0,0,0,0,1,0,548,0,0,0,0,0,0,1,0,1,0
0,0,0,0,0,0,0,1,1,322,0,1,0,0,0,1,0,0,1,0
0,0,0,0,0,0,0,1,1,712,0,0,0,0,0,1,0,0,1,0
0,0,0,0,0,0,0,0,1,74,0,0,0,0,0,0,1,0,0,0
0,0,0,0,0,0,0,0,1,389,0,1,0,0,0,1,0,0,1,0
0,0,0,0,0,0,0,0,1,1094,0,1,0,0,0,1,0,0,0,0
0,0,0,0,0,0,0,1,0,133,0,0,0,0,0,1,1,0,0,0
0,0,0,0,0,0,0,0,0,173,0,0,0,0,0,0,0,0,0,0
0,0,0,0,0,0,0,0,0,12,0,1,0,0,0,1,1,0,1,0
0,0,0,0,0,0,0,0,1,83,0,0,0,0,0,0,1,0,0,0
0,0,0,0,0,0,0,0,0,416,0,1,0,0,0,1,0,0,1,0
0,0,0,0,0,0,0,1,0,213,0,0,0,0,0,0,1,0,1,0
0,0,0,0,0,0,0,0,0,136,0,1,0,0,0,1,0,0,1,0
0,0,0,0,0,0,0,1,0,65,0,1,0,0,0,1,1,0,0,0
0,0,0,0,0,0,0,0,0,162,0,0,0,0,0,0,0,0,0,0
0,0,0,0,0,0,0,0,0,233,0,0,0,0,0,1,0,0,1,0
0,0,0,0,0,0,0,1,0,241,0,1,0,0,0,1,0,0,1,0
0,0,0,0,0,0,0,0,0,230,0,0,0,0,0,1,1,0,1,0
0,0,0,0,0,0,0,1,1,571,0,0,0,0,0,1,0,0,1,0
0,0,0,0,0,0,0,0,0,234,0,0,0,0,0,0,0,0,0,0
0,0,0,0,0,0,0,1,0,142,0,1,0,0,0,0,1,0,1,0
0,0,0,0,0,0,0,1,0,387,0,0,0,0,0,1,0,1,1,0
0,0,0,0,0,0,0,1,0,200,0,0,0,0,0,0,0,0,1,0
0,0,0,0,0,0,0,0,0,0,1,0,0,0,0,0,1,1,0,0
0,0,0,0,0,0,0,0,1,100,0,0,0,0,0,0,1,0,0,0
0,0,0,0,0,0,0,1,0,2222,0,1,0,0,0,1,1,0,0,0
0,0,0,0,0,0,0,0,0,113,0,1,0,0,0,1,0,0,1,0
0,0,0,0,0,0,0,0,1,295,0,0,0,0,0,1,1,0,1,0
0,0,0,0,0,0,0,0,0,143,0,0,0,0,0,0,1,0,0,0
0,0,0,0,0,0,0,0,0,0,1,0,0,0,0,0,1,1,0,0
0,0,0,0,0,0,0,0,0,248,0,0,0,0,0,1,1,0,1,0
0,0,0,0,0,0,0,1,0,97,0,0,0,0,0,0,1,0,0,0
0,0,0,0,0,0,0,0,0,10,0,1,0,0,0,1,1,1,1,0
0,0,0,0,0,0,0,0,1,182,0,0,0,0,0,1,0,0,1,0
0,0,0,0,0,0,0,0,0,310,0,0,0,0,0,1,1,0,0,0
0,0,0,0,0,0,0,0,0,228,0,0,0,0,0,0,0,0,0,0
0,0,0,0,0,0,0,1,0,30,0,1,0,0,1,0,1,0,0,0
0,0,0,0,0,0,0,0,0,137,0,0,0,0,0,1,0,0,1,0
0,0,0,0,0,0,0,0,0,93,0,0,0,0,0,0,1,0,0,0
0,0,0,0,0,0,0,0,0,0,1,0,0,0,0,0,1,1,0,0
0,0,0,0,0,0,0,0,0,74,0,0,0,0,0,0,1,1,0,0
0,1,0,0,0,0,0,0,0,1,0,1,0,0,1,0,1,1,0,0
0,0,0,0,0,0,0,1,0,377,0,0,0,0,0,1,1,0,1,0
0,0,0,0,0,0,0,1,1,375,0,0,0,0,0,1,0,0,0,0
0,0,0,0,0,0,0,0,0,710,0,0,0,0,0,1,0,1,1,0
0,0,0,0,0,0,0,1,0,30,0,1,0,0,1,0,1,0,0,0
0,0,0,0,0,0,0,0,0,306,0,0,0,0,0,0,1,0,0,0
0,0,0,0,0,0,0,1,0,29,0,0,0,0,0,1,0,0,0,0
0,0,0,0,0,0,0,1,0,69,0,1,0,0,0,0,0,0,0,0
0,0,0,0,0,0,0,0,0,0,1,0,0,0,0,0,1,1,0,0
0,0,0,0,0,0,0,0,0,180,0,0,0,0,0,1,1,0,0,0
0,0,0,0,0,0,0,0,0,94,0,0,0,0,0,0,0,0,1,0
0,0,0,0,0,0,0,0,0,273,0,0,0,0,0,1,1,0,1,0
0,0,0,0,0,0,0,1,0,500,0,1,0,0,0,1,1,0,1,0
0,0,0,0,0,0,0,1,0,30,0,1,0,0,1,0,1,0,0,0
0,0,0,0,0,0,0,0,0,0,1,0,0,0,0,0,1,1,0,0
0,0,0,0,0,0,0,0,1,353,0,1,0,0,0,1,0,0,0,0
0,0,0,0,0,0,0,0,0,26,0,0,0,0,0,0,1,0,0,0
0,0,0,0,0,0,0,0,0,170,0,1,0,0,0,1,0,0,1,0
0,0,0,0,0,0,0,0,0,383,0,0,0,0,0,0,1,0,0,0
0,0,0,0,0,0,0,0,0,496,0,1,0,0,1,0,0,0,0,0
0,0,0,0,0,0,0,0,0,285,0,0,0,0,0,0,0,0,0,0
0,0,0,0,0,0,0,0,0,65,0,0,0,0,0,0,1,0,1,0
0,0,0,0,0,0,0,1,0,30,0,1,0,0,1,0,1,0,0,0
0,0,0,0,0,0,0,1,1,282,0,1,0,0,0,1,0,0,1,0
0,0,0,0,0,0,0,1,0,617,0,0,0,0,0,0,1,1,0,0
0,0,0,0,0,0,0,0,0,35,0,0,0,0,0,0,0,0,0,0
0,0,0,0,0,0,0,1,0,82,0,0,0,0,0,0,0,0,0,0
0,0,0,1,0,0,0,0,0,164,0,0,0,0,0,0,1,0,0,0
0,0,0,0,0,0,0,0,0,0,1,0,0,0,0,0,1,1,0,0
0,0,0,0,0,0,0,1,0,246,0,0,0,0,0,0,1,0,0,0
0,0,0,1,0,0,0,0,0,178,0,1,0,0,0,0,0,0,0,0
0,0,0,0,0,0,0,0,0,89,0,0,0,0,0,0,0,0,0,0
0,0,0,0,0,0,0,1,0,29,0,1,0,0,1,0,1,1,0,0
0,0,0,0,0,0,0,1,0,30,0,1,0,0,1,0,1,0,0,0
0,0,0,0,0,0,0,1,0,368,0,1,0,0,0,1,0,0,0,0
0,0,0,0,0,0,0,0,0,463,0,0,0,0,0,0,1,0,0,0
0,0,0,0,0,0,0,0,0,82,0,0,0,0,0,0,1,0,0,0
0,0,0,0,0,0,0,0,0,90,0,0,0,0,0,0,0,0,0,0
0,0,0,0,0,0,0,0,0,27,0,1,0,0,0,1,1,1,1,0
0,0,0,0,0,0,0,1,0,568,0,1,0,0,0,0,1,0,0,0
0,0,0,0,0,0,0,0,0,219,0,0,0,0,0,1,0,0,0,0
0,0,0,0,0,0,0,0,0,113,0,1,0,0,0,1,1,0,0,0
0,0,0,0,0,0,0,1,0,299,0,0,0,0,0,1,1,0,0,0
0,0,0,0,0,0,0,0,0,4,0,1,0,1,0,1,0,1,0,0
0,0,0,0,0,0,0,1,0,138,0,0,0,0,0,1,1,0,0,0
0,1,0,1,0,0,0,0,0,192,0,1,0,0,0,1,1,0,1,0
0,0,0,0,0,0,0,0,1,890,0,0,0,0,0,1,0,0,1,0
0,0,0,0,0,0,0,1,0,145,0,0,0,0,0,0,0,0,1,0
0,0,0,0,0,0,0,0,0,118,0,0,0,0,0,0,1,0,0,0
0,0,0,0,0,0,0,0,0,918,0,0,0,0,0,0,1,0,0,0
0,0,0,0,0,0,0,0,0,496,0,0,0,0,0,1,1,0,1,0
0,0,0,0,0,0,0,1,0,219,0,0,0,0,0,1,0,0,0,0
0,0,0,0,0,0,0,0,1,134,0,1,0,0,0,0,1,1,0,0
0,0,0,0,0,0,0,0,0,128,0,1,0,0,0,1,1,1,0,0
0,0,0,0,0,0,0,1,0,10,0,0,0,0,0,0,1,0,0,0
0,0,0,0,0,0,0,1,0,111,0,0,0,0,0,0,1,0,0,0
0,0,0,0,0,0,0,0,0,38,0,1,0,0,0,1,1,0,1,0
0,0,0,0,0,0,0,1,1,323,0,1,0,0,0,1,0,0,1,0
0,0,0,0,0,0,0,0,0,239,0,1,0,0,0,1,0,0,1,0
0,0,0,0,0,0,0,0,0,26,0,1,0,0,0,0,0,1,1,0
0,0,0,0,0,0,0,1,1,675,0,1,0,0,0,1,1,0,0,0
0,0,0,0,0,0,0,0,0,38,0,1,0,0,0,0,1,0,0,0
0,0,0,0,0,0,0,0,1,606,0,0,0,0,0,1,1,0,0,0
0,0,0,0,0,0,0,0,0,200,0,0,0,0,0,0,0,0,0,0
0,0,0,0,0,0,0,0,0,0,1,0,0,0,0,0,1,1,0,0
0,0,0,0,0,0,0,0,0,73,0,1,0,0,0,1,1,0,1,0
0,0,0,0,0,0,0,0,0,684,0,0,0,0,0,0,1,0,0,0
0,0,0,0,0,0,0,0,0,5,0,1,0,0,0,1,1,0,0,0
0,0,0,0,0,0,0,0,0,138,0,1,0,0,0,1,1,0,1,0
0,0,0,0,0,0,0,1,0,270,0,0,0,0,0,0,1,0,1,0
0,0,0,0,0,0,0,1,0,353,0,0,0,0,0,0,0,0,0,0
0,0,0,0,0,0,0,1,1,799,0,1,0,0,0,1,1,0,0,0
0,0,0,0,0,0,0,0,0,234,0,1,0,0,0,1,1,0,1,0
0,0,0,0,0,0,0,0,1,591,0,1,0,0,0,0,1,1,0,0
0,0,0,0,0,0,0,1,0,516,0,0,0,0,0,1,1,0,0,0
0,0,0,0,0,0,0,0,0,79,0,0,0,0,0,0,0,0,0,0
0,0,0,0,0,0,0,0,0,24,0,1,0,0,0,0,1,0,0,0
0,0,0,0,0,0,0,1,1,741,0,1,0,0,0,1,1,0,0,0
0,0,0,0,0,0,0,0,0,124,0,1,0,0,1,1,1,0,1,0
0,0,0,0,0,0,0,0,0,1116,0,1,0,0,0,1,1,0,1,0
0,0,0,0,0,0,0,0,0,0,1,0,0,0,0,0,1,1,0,0
0,0,0,0,0,0,0,0,0,115,0,1,0,0,0,1,0,0,1,0
0,0,0,0,0,0,0,0,0,89,0,0,0,0,0,0,1,0,0,0
0,0,0,0,0,0,0,0,0,208,0,1,0,0,0,1,0,0,1,0
0,0,0,0,0,0,0,0,0,461,0,0,0,0,0,1,1,0,0,0
0,0,0,0,0,0,0,0,1,713,0,1,0,0,0,1,1,0,0,0
0,0,0,0,0,0,0,1,0,260,0,1,0,0,0,1,0,0,1,0
0,0,0,0,0,0,0,0,0,137,0,0,0,0,0,1,1,0,0,0
0,0,0,0,0,0,0,0,0,567,0,0,0,0,0,1,1,1,1,0
0,0,0,0,0,0,0,0,0,256,0,0,0,0,0,1,0,0,0,0
0,0,0,0,0,0,0,1,0,343,0,1,0,0,0,0,0,0,1,0
0,0,0,0,0,0,0,1,0,30,0,1,0,0,1,0,1,0,0,0
0,0,0,0,0,0,0,0,0,0,1,0,0,0,0,0,1,1,0,0
0,0,0,0,0,0,0,1,0,221,0,1,0,0,0,1,0,0,1,0
0,0,0,0,0,0,0,0,0,2,0,1,0,0,0,0,1,1,0,0
0,0,0,0,0,0,0,1,0,341,0,1,0,0,0,0,0,0,1,0
0,0,0,0,0,0,0,0,0,45,0,0,0,0,0,1,1,0,1,0
0,0,0,0,0,0,0,0,0,4,0,0,0,0,0,1,1,0,0,0
0,0,0,0,0,0,0,0,0,30,0,0,0,0,0,0,1,0,0,0
0,0,0,0,0,0,0,1,1,138,0,1,0,0,0,1,0,0,1,0
0,0,0,0,0,0,0,0,0,4,0,1,0,1,0,1,0,1,0,0
0,0,0,0,0,0,0,0,0,132,0,0,0,0,0,1,1,0,0,0
0,0,0,0,0,0,0,0,0,149,0,0,0,0,0,1,0,0,0,0
0,0,0,0,0,0,0,0,1,48,0,0,0,0,0,1,1,0,1,0
0,0,0,0,0,0,0,1,1,299,0,1,0,0,0,1,0,0,1,0
0,0,0,0,0,0,0,0,0,6,0,0,0,0,0,1,1,0,0,0
0,0,0,0,0,0,0,0,1,168,0,1,0,0,0,1,1,0,1,0
0,0,0,0,0,0,0,1,0,157,0,0,0,0,0,0,0,0,0,0
0,0,0,0,0,0,0,1,0,138,0,0,0,0,0,0,0,0,0,0
0,0,0,0,0,0,0,0,0,185,0,0,0,0,0,1,1,0,1,0
0,0,0,0,0,0,0,0,1,121,0,0,0,0,0,1,0,0,1,0
0,0,0,0,0,0,0,0,0,338,0,0,0,0,0,1,0,0,0,0
0,0,0,0,0,0,0,1,0,76,0,0,0,0,0,1,1,0,1,0
0,0,0,0,0,0,0,0,0,1,0,1,0,0,0,0,0,1,0,0
0,0,0,0,0,0,0,1,1,675,0,1,0,0,0,1,1,0,0,0
0,0,0,0,0,0,0,0,0,0,1,0,0,0,0,0,1,1,0,0
0,0,0,0,0,0,0,0,0,63,0,0,0,0,0,0,1,0,1,0
0,0,0,0,0,0,0,1,0,179,0,0,0,0,0,0,1,0,1,0
0,0,0,0,0,0,0,0,0,166,0,0,0,0,0,0,0,0,0,0
0,0,0,0,0,0,0,0,0,43,0,1,0,0,0,1,1,0,1,0
0,0,0,0,0,0,0,0,0,92,0,0,0,0,0,1,0,0,0,0
0,0,0,0,0,0,0,1,1,192,0,0,0,0,0,1,0,0,0,0
0,0,0,0,0,0,0,0,0,298,0,0,0,0,0,0,1,0,0,0
0,0,0,0,0,0,0,1,1,462,0,0,0,0,0,1,1,0,0,0
0,0,0,0,0,0,0,0,0,89,0,1,0,0,0,0,1,0,0,0
0,0,0,0,0,0,0,0,0,186,0,1,0,0,0,1,0,0,1,0
0,0,0,0,0,0,0,0,1,331,0,1,0,0,0,1,1,0,1,0
0,0,0,0,0,0,0,0,0,41,0,0,0,0,0,0,1,0,0,0
0,0,0,0,0,0,0,0,0,500,0,0,0,0,0,0,0,0,0,0
0,0,0,0,0,0,0,0,0,309,0,0,0,0,0,0,1,0,0,0
0,0,0,0,0,0,0,1,0,1,0,1,0,1,0,0,1,0,0,0
0,0,0,0,0,0,0,0,0,203,0,0,0,0,0,1,0,0,0,0
0,0,0,0,0,0,0,0,1,584,0,1,0,0,0,1,1,0,1,0
0,0,0,0,0,0,0,0,0,35,0,0,0,0,0,0,1,0,0,0
0,0,0,0,0,0,0,1,1,128,0,0,0,0,0,1,1,0,0,0
0,0,0,0,0,0,0,1,0,10,0,0,0,0,0,0,1,0,0,0
0,0,0,0,0,0,0,0,0,24,0,0,0,0,0,1,0,0,1,0
0,0,0,0,0,0,0,0,0,90,0,0,0,0,0,0,0,1,0,0
0,0,0,0,0,0,0,1,0,29,0,1,0,0,1,0,1,1,0,0
0,0,0,0,0,0,0,1,0,837,0,1,0,0,0,0,0,0,1,0
0,0,0,0,0,0,0,0,1,302,0,1,0,0,0,1,0,0,1,0
0,0,0,0,0,0,0,0,0,275,0,0,0,0,0,1,0,0,0,0
0,0,0,0,0,0,0,0,0,0,1,0,0,0,0,1,1,1,1,0
0,0,0,0,0,0,0,1,1,180,0,0,0,0,0,1,0,0,1,0
0,0,0,0,0,0,0,1,0,198,0,0,0,0,0,1,0,0,0,0
0,0,0,0,0,0,0,0,0,0,1,0,0,0,0,0,1,1,0,0
0,0,0,0,0,0,0,0,0,19,0,1,0,0,1,1,1,0,1,0
0,0,0,0,0,0,0,0,0,298,0,0,0,0,0,0,0,0,0,0
0,0,0,0,0,0,0,1,0,161,0,0,0,0,0,0,0,0,0,0
0,0,0,0,0,0,0,1,0,110,0,0,0,0,0,0,0,0,0,0
0,0,0,0,0,0,0,0,1,271,0,1,0,0,1,1,1,0,0,0
0,0,0,0,0,0,0,0,1,314,0,0,0,0,0,0,1,0,0,0
0,0,0,0,0,0,0,1,0,207,0,0,0,0,0,0,1,0,0,0
0,0,0,0,0,0,0,1,0,1312,0,0,0,0,0,1,1,0,0,0
0,0,0,0,0,0,0,0,0,69,0,1,0,0,0,1,1,0,1,0
0,0,0,0,0,0,0,0,0,93,0,0,0,0,0,0,1,0,0,0
0,0,0,0,0,0,0,0,0,185,0,1,0,0,0,1,1,0,1,0
0,0,0,0,0,0,0,1,0,242,0,1,0,0,0,1,1,0,0,0
0,0,0,0,0,0,0,1,0,475,0,0,0,0,0,0,0,0,0,0
0,0,0,0,0,0,0,0,0,10,0,0,0,0,0,1,1,0,0,0
0,0,0,0,0,0,0,0,0,204,0,0,0,0,0,0,0,0,0,0
0,0,0,0,0,0,0,1,0,299,0,1,0,0,0,0,0,0,0,0
0,0,0,0,0,0,0,1,0,677,0,0,0,0,0,1,0,0,0,0
0,0,0,0,0,0,0,0,0,188,0,1,0,0,0,0,0,0,0,0
0,0,0,0,0,0,0,1,0,81,0,0,0,0,0,0,0,0,1,0
0,0,0,0,0,0,0,1,0,118,0,0,0,0,0,0,0,0,1,0
0,0,0,0,0,0,0,0,0,26,0,1,0,0,0,0,0,0,1,0
0,1,0,0,0,0,0,0,0,90,0,0,0,0,0,1,1,0,0,0
0,0,0,0,0,0,0,0,1,21,0,1,0,0,0,0,1,0,0,0
0,0,0,0,0,0,0,0,0,200,0,0,0,0,0,1,1,0,0,0
0,0,0,0,0,0,0,1,0,35,0,0,0,0,0,1,0,0,0,0
0,0,0,0,0,0,0,1,0,73,0,0,0,0,0,1,1,0,1,0
0,0,0,0,0,0,0,0,1,324,0,1,0,0,0,1,0,0,1,0
0,0,0,0,0,0,0,0,0,40,0,1,0,0,0,0,1,0,1,0
0,0,0,0,0,0,0,1,0,170,0,0,0,0,0,1,0,0,1,0
0,0,0,0,0,0,0,0,0,0,1,0,0,0,0,0,1,1,0,0
0,1,0,0,0,0,0,0,0,80,0,0,0,0,0,1,1,1,0,0
0,0,0,0,0,0,0,0,1,284,0,1,0,0,0,1,1,0,1,0
0,0,0,0,0,0,0,1,0,412,0,0,0,0,0,1,1,0,0,0
0,0,0,0,0,0,0,1,0,5,0,1,0,0,0,0,1,1,0,0
0,0,0,0,0,0,0,0,0,0,1,0,0,0,0,0,1,1,0,0
0,0,0,0,0,0,0,0,0,7,0,0,0,0,0,0,1,1,0,0
0,0,0,0,0,0,0,0,0,176,0,0,0,0,0,0,1,0,0,0
0,0,0,0,0,0,0,0,0,1274,0,0,0,0,0,1,0,0,0,0
0,0,0,0,0,0,0,0,1,230,0,0,0,0,0,1,0,0,0,0
0,0,0,0,0,0,0,0,0,0,1,0,0,0,0,0,1,1,0,0
0,0,0,1,0,0,0,0,1,114,0,0,0,0,0,1,1,0,0,0
0,0,0,0,0,0,0,1,0,1,0,1,0,0,0,0,1,0,0,0
0,0,0,0,0,0,0,1,0,30,0,1,0,0,1,0,1,0,0,0
0,0,0,0,0,0,0,1,1,143,0,1,0,0,0,1,1,0,1,0
0,0,0,0,0,0,0,1,0,31,0,1,0,0,0,1,1,0,1,0
0,0,0,0,0,0,0,1,0,103,0,1,0,0,0,1,0,0,1,0
0,0,0,0,0,0,0,0,0,101,0,0,0,0,0,0,0,0,1,0
0,0,0,0,0,0,0,0,0,307,0,0,0,0,0,0,0,0,0,0
0,0,0,0,0,0,0,1,0,69,0,1,0,0,0,1,1,0,1,0
0,0,0,0,0,0,0,0,0,473,0,0,0,0,0,1,0,0,0,0
0,0,0,0,0,0,0,1,0,172,0,1,0,0,0,1,1,0,1,0
0,0,0,0,0,0,0,0,0,167,0,1,0,0,0,0,0,0,0,0
0,0,0,0,0,0,0,0,0,176,0,0,0,0,0,1,0,0,1,0
0,0,0,0,0,0,0,1,0,30,0,1,0,0,1,0,1,0,0,0
0,0,0,0,0,0,0,0,0,270,0,1,0,0,0,1,1,0,0,0
0,0,0,0,0,0,0,0,0,18,0,1,0,0,0,1,1,1,1,0
0,0,0,0,0,0,0,1,0,65,0,0,0,0,0,1,1,0,1,0
0,0,0,0,0,0,0,0,0,473,0,1,0,0,1,0,0,0,0,0
0,0,0,0,0,0,0,0,0,100,0,1,0,0,0,0,0,0,1,0
0,0,0,0,0,0,0,0,0,62,0,0,0,0,0,0,1,0,0,0
0,0,0,0,0,0,0,0,0,137,0,1,0,0,0,0,1,0,1,0
0,0,0,0,0,0,0,1,0,335,0,1,0,0,0,1,1,0,1,0
0,0,0,0,0,0,0,0,1,145,0,1,0,0,0,1,0,1,0,0
0,0,0,0,0,0,0,1,1,285,0,0,0,0,0,1,0,0,1,0
0,0,0,0,0,0,0,0,0,417,0,1,0,0,0,1,1,0,1,0
0,0,0,0,0,0,0,1,0,195,0,0,0,0,0,0,1,0,0,0
0,0,0,0,0,0,0,1,0,29,0,1,0,0,1,0,1,1,0,0
0,0,0,0,0,0,0,0,0,0,1,0,0,0,0,0,1,0,0,0
0,0,0,0,0,0,0,0,0,3,0,0,0,0,0,0,1,0,0,0
0,0,0,0,0,0,0,0,0,110,0,0,0,0,0,0,1,0,0,0
0,0,0,0,0,0,0,1,0,241,0,1,0,0,0,0,0,0,0,0
0,0,0,0,0,0,0,0,0,149,0,1,0,0,0,1,1,1,1,0
0,0,0,0,0,0,0,1,0,238,0,0,0,0,0,0,1,0,0,0
0,0,0,0,0,0,0,0,0,28,0,0,0,0,0,1,1,0,1,0
0,0,0,0,0,0,0,1,0,155,0,1,0,0,0,1,0,0,1,0
0,0,0,0,0,0,0,0,0,83,0,1,0,0,1,0,1,1,0,0
0,0,0,0,0,0,0,1,0,348,0,0,0,0,0,0,0,0,0,0
0,0,0,0,0,0,0,1,0,133,0,0,0,0,0,0,0,0,0,0
0,0,0,1,0,0,0,0,0,158,0,0,0,0,0,0,0,0,0,0
0,0,0,0,0,0,0,0,0,35,0,0,0,0,0,1,1,0,0,0
0,0,0,0,0,0,0,0,0,251,0,1,0,0,0,0,0,0,1,0
0,0,0,0,0,0,0,1,0,348,0,0,0,0,0,0,0,0,0,0
0,0,0,0,0,0,0,0,1,505,0,1,0,0,0,1,0,0,1,0
0,0,0,0,0,0,0,1,0,435,0,0,0,0,0,0,1,1,0,0
0,0,0,0,0,0,0,0,0,56,0,0,0,0,0,0,1,0,0,0
0,0,0,0,0,0,0,0,0,197,0,1,0,0,0,1,1,0,1,0
0,0,0,0,0,0,0,0,1,402,0,1,0,1,0,1,0,0,0,0
0,0,0,0,0,0,0,0,0,6,0,1,0,0,0,1,1,1,0,0
0,0,0,0,0,0,0,0,0,0,1,0,0,0,0,0,1,1,0,0
0,0,0,0,0,0,0,1,0,93,0,0,0,0,0,0,1,0,0,0
0,0,0,1,0,0,0,0,0,1589,0,1,0,0,0,0,1,0,0,0
0,0,0,0,0,0,0,1,0,30,0,1,0,0,1,0,1,0,0,0
0,0,0,0,0,0,0,0,0,0,1,0,0,0,0,0,1,1,0,0
0,0,0,0,0,0,0,1,0,1014,0,1,0,0,0,0,0,0,1,0
0,0,0,0,0,0,0,1,0,30,0,1,0,0,1,0,1,0,0,0
0,0,0,0,0,0,0,0,0,148,0,0,0,0,0,0,0,0,0,0
0,0,0,0,0,0,0,0,0,668,0,0,0,0,0,1,1,0,1,0
0,0,0,0,0,0,0,0,0,1,0,1,0,0,0,0,1,0,0,0
0,0,0,0,0,0,0,0,0,223,0,0,0,0,0,1,0,0,0,0
0,0,0,0,0,0,0,0,0,1,0,0,0,0,0,0,1,1,0,0
0,0,0,0,0,0,0,0,0,328,0,0,0,0,0,1,0,0,0,0
0,0,0,0,0,0,0,0,0,83,0,1,0,0,0,1,1,0,1,0
0,0,0,0,0,0,0,0,0,0,1,0,0,0,0,0,1,1,0,0
0,0,0,0,0,0,0,0,0,205,0,1,0,0,1,1,0,0,1,0
0,0,0,0,0,0,0,1,0,77,0,0,0,0,0,1,0,0,0,0
0,0,0,0,0,0,0,0,0,250,0,0,0,0,0,1,1,0,1,0
0,0,0,0,0,0,0,0,0,0,1,0,0,0,0,0,1,1,0,0
0,0,0,0,0,0,0,0,0,0,1,0,0,0,0,0,1,1,0,0
0,0,0,0,0,0,0,0,0,90,0,0,0,0,0,1,0,0,0,0
0,0,0,0,0,0,0,0,1,116,0,1,0,0,0,1,1,0,0,0
0,0,0,0,0,0,0,1,0,386,0,1,0,0,0,0,1,0,0,0
0,0,0,0,0,0,0,0,0,267,0,1,0,0,0,0,0,0,0,0
0,0,0,0,0,0,0,1,0,89,0,1,0,0,0,0,0,0,0,0
0,0,0,0,0,0,0,0,0,0,1,0,0,0,0,0,1,1,0,0
0,0,0,0,0,0,0,0,0,21,0,1,0,0,0,0,0,0,0,0
0,0,0,0,0,0,0,0,0,152,0,0,0,0,0,1,0,0,0,0
0,0,0,0,0,0,0,1,1,506,0,1,0,0,0,1,0,0,1,0
0,0,0,0,0,0,0,0,1,334,0,1,0,0,0,1,0,0,1,0
0,0,0,0,0,0,0,1,0,8,0,1,0,0,0,1,1,1,1,0
0,0,0,0,0,0,0,1,0,29,0,1,0,0,1,0,1,1,0,0
0,0,0,0,0,0,0,0,0,502,0,0,0,0,0,1,1,0,1,0
0,0,0,0,0,0,0,0,0,199,0,1,0,0,0,1,0,0,0,0
0,1,0,0,0,0,0,0,0,2,0,1,0,1,0,0,1,1,0,0
0,0,0,0,0,0,0,1,1,734,0,1,0,0,0,1,1,1,0,0
0,0,0,0,0,0,0,0,0,25,0,0,0,0,1,1,1,0,1,0
0,0,0,0,0,0,0,0,0,114,0,1,0,0,0,0,0,0,0,0
0,0,0,0,0,0,0,0,1,389,0,1,0,0,0,1,1,1,1,0
0,0,0,0,0,0,0,0,0,53,0,0,0,0,0,0,1,1,0,0
0,0,0,0,0,0,0,0,0,0,1,0,0,0,0,0,1,1,0,0
0,0,0,0,0,0,0,0,0,17,0,1,0,0,0,1,1,0,0,0
0,0,0,0,0,0,0,1,0,29,0,1,0,0,1,0,1,1,0,0
0,0,0,0,0,0,0,0,1,278,0,1,0,0,0,1,1,0,1,0
0,0,0,0,0,0,0,0,0,294,0,1,0,0,0,1,1,0,1,0
0,0,0,0,0,0,0,1,0,30,0,1,0,0,1,0,1,0,0,0
0,0,0,0,0,0,0,1,0,170,0,0,0,0,0,0,0,0,0,0
0,0,0,0,0,0,0,0,1,171,0,1,0,0,0,1,0,0,1,0
0,0,0,0,0,0,0,0,0,155,0,1,0,0,0,1,0,0,1,0
0,0,0,0,0,0,0,0,1,32,0,1,0,0,0,1,0,0,1,0
0,0,0,0,0,0,0,1,0,190,0,0,0,0,0,0,0,0,0,0
0,0,0,0,0,0,0,0,0,268,0,0,0,0,0,0,0,0,0,0
0,0,0,0,0,0,0,1,0,132,0,0,0,0,0,0,1,0,0,0
0,0,0,0,0,0,0,0,1,62,0,1,0,0,0,0,1,0,0,0
0,0,0,0,0,0,0,1,0,29,0,1,0,0,1,0,1,1,0,0
0,0,0,0,0,0,0,0,0,253,0,0,1,0,0,0,0,0,0,0
0,0,0,0,0,0,0,0,0,102,0,1,0,0,0,1,0,0,1,0
0,0,0,0,0,0,0,0,0,295,0,0,0,0,0,0,1,0,0,0
0,0,0,0,0,0,0,1,1,444,0,1,0,0,0,1,0,0,1,0
0,0,0,0,0,0,0,0,1,154,0,1,0,0,0,1,0,0,0,0
0,0,0,0,0,0,0,0,1,195,0,1,0,0,0,1,0,0,0,0
0,0,0,0,0,0,0,1,0,115,0,1,0,0,0,1,1,0,1,0
0,0,0,0,0,0,0,1,0,425,0,0,0,0,0,1,0,0,0,0
0,0,0,0,0,0,0,1,0,279,0,1,0,0,0,1,0,0,1,0
0,0,0,0,0,0,0,1,0,29,0,1,0,0,1,0,1,1,0,0
0,0,0,0,0,0,0,1,0,124,0,0,0,0,0,0,0,0,1,0
0,0,0,0,0,0,0,1,0,233,0,0,0,0,0,0,1,0,0,0
0,0,0,0,0,0,0,1,0,53,0,1,0,0,0,1,0,0,0,0
0,0,0,0,0,0,0,0,0,43,0,1,0,0,0,0,1,0,1,0
0,0,0,0,0,0,0,0,0,67,0,0,0,0,0,1,1,0,0,0
0,0,0,0,0,0,0,1,1,467,0,1,0,0,0,1,0,0,1,0
0,0,0,0,0,0,0,0,1,548,0,1,0,0,0,1,1,0,0,0
0,0,0,0,0,0,0,0,0,227,0,0,0,0,0,0,0,0,0,0
0,0,0,0,0,0,0,0,0,17,0,0,0,0,0,0,1,1,0,0
0,0,0,0,0,0,0,0,0,1147,0,0,0,0,0,0,1,0,0,0
0,0,0,0,0,0,0,0,0,336,0,1,0,0,0,1,0,0,0,0
0,0,0,0,0,0,0,1,0,104,0,0,0,0,0,0,0,0,0,0
0,0,0,0,0,0,0,0,0,426,0,0,0,0,0,1,1,0,0,0
0,0,0,0,0,0,0,0,0,85,0,0,0,0,0,0,0,0,0,0
0,0,0,0,0,0,0,0,0,357,0,0,0,0,0,1,1,0,0,0
0,0,0,0,0,0,0,1,0,255,0,1,0,0,0,0,0,0,1,0
0,0,0,0,0,0,0,1,1,55,0,0,0,0,0,0,0,0,0,0
0,0,0,0,0,0,0,1,0,447,0,0,0,0,0,1,1,1,0,0
0,0,0,0,0,0,0,0,0,7,0,0,0,0,0,0,1,0,0,0
0,0,0,0,0,0,0,0,0,0,1,0,0,0,0,0,1,1,0,0
0,0,0,0,0,0,0,0,0,0,1,0,0,0,0,0,1,1,0,0
0,0,0,1,0,0,0,0,0,4,0,0,0,0,0,1,1,0,0,0
0,0,0,0,0,0,0,0,0,176,0,0,0,0,0,1,1,0,0,0
0,0,0,0,0,0,0,1,0,72,0,0,0,0,0,1,0,0,0,0
0,0,0,0,0,0,0,0,0,0,1,0,0,0,0,0,1,0,0,0
0,0,0,0,0,0,0,0,0,509,0,0,0,0,0,1,1,0,0,0
0,0,0,0,0,0,0,0,1,130,0,1,0,0,0,1,1,0,1,0
0,0,0,0,0,0,0,1,1,447,0,1,0,0,0,1,0,0,0,0
0,0,0,0,0,0,0,0,0,161,0,0,0,0,0,0,0,0,0,0
0,0,0,0,0,0,0,0,0,300,0,1,0,0,0,1,1,0,0,0
0,0,0,0,0,0,0,1,0,649,0,0,0,0,0,0,1,0,0,0
0,0,0,0,0,0,0,1,1,120,0,1,0,0,0,1,1,0,1,0
0,0,0,0,0,0,0,0,1,403,0,0,0,0,0,1,0,0,1,0
0,0,0,0,0,0,0,1,0,65,0,0,0,0,0,1,1,0,1,0
0,0,0,0,0,0,0,1,0,209,0,1,0,0,0,0,0,0,0,0
1,0,0,0,0,0,0,0,0,26,0,0,0,0,0,1,1,0,0,0
0,1,0,0,0,0,0,0,0,5,0,1,0,0,1,0,1,0,0,0
0,0,0,0,0,0,0,0,0,0,1,0,0,0,0,0,1,1,0,0
0,0,0,0,0,0,0,1,0,267,0,0,0,0,0,1,0,0,1,0
0,0,0,0,0,0,0,0,0,26,0,1,0,0,0,0,0,0,1,0
0,0,0,0,0,0,0,0,0,467,0,0,0,0,0,1,1,0,0,0
0,0,0,0,0,0,0,0,0,0,1,0,0,0,0,0,1,1,0,0
0,0,0,1,0,0,0,1,0,2,0,1,0,0,1,0,0,0,0,0
0,0,0,0,0,0,0,1,0,96,0,1,0,0,0,1,0,0,0,0
0,0,0,0,0,0,0,0,1,173,0,0,0,0,0,1,1,1,0,0
0,0,0,0,0,0,0,0,0,493,0,0,0,0,0,0,1,0,1,0
0,0,0,0,0,0,0,0,0,266,0,0,0,0,0,0,0,0,0,0
0,0,0,0,0,0,0,0,0,806,0,0,0,0,0,0,0,0,1,0
0,0,0,0,0,0,0,1,0,89,0,0,0,0,0,0,0,0,0,0
0,0,0,0,0,0,0,0,1,601,0,1,0,0,0,1,0,0,1,0
0,0,0,0,0,0,0,1,1,322,0,1,0,0,0,1,0,0,1,0
0,0,0,0,0,0,0,0,1,63,0,0,0,0,0,1,0,0,0,0
0,0,0,0,0,0,0,1,0,180,0,1,0,0,0,0,0,0,1,0
0,0,0,0,0,0,0,1,1,198,0,1,0,0,0,1,1,0,1,0
0,0,0,0,0,0,0,0,0,334,0,0,0,0,0,1,1,0,0,0
0,0,0,0,0,0,0,0,0,9,0,1,0,0,0,1,1,1,0,0
0,0,0,0,0,0,0,0,0,152,0,1,0,0,0,0,1,0,0,0
0,0,0,0,0,0,0,1,0,41,0,0,0,0,0,1,1,0,1,0
0,0,0,0,0,0,0,0,0,349,0,1,0,0,0,0,0,0,0,0
0,0,0,0,0,0,0,0,0,486,0,1,0,0,0,1,0,0,0,0
0,0,0,0,0,0,0,0,0,4,0,1,0,0,0,1,1,0,1,0
0,0,0,0,0,0,0,1,0,30,0,1,0,0,1,0,1,0,0,0
0,0,0,0,0,0,0,0,0,77,0,1,0,0,0,1,1,0,0,0
0,0,0,0,0,0,0,0,0,1,0,0,0,0,0,0,1,0,0,0
0,0,0,0,0,0,0,0,0,4,0,0,0,0,0,0,1,0,0,0
0,0,0,0,0,0,0,1,0,5,0,1,0,0,0,0,1,0,0,0
0,0,0,0,0,0,0,0,0,550,0,1,0,0,0,1,0,1,1,0
0,0,0,0,0,0,0,0,0,0,1,0,0,0,0,0,1,1,0,0
0,0,0,0,0,0,0,1,1,218,0,1,0,0,0,1,1,0,1,0
0,0,0,0,0,0,0,1,0,194,0,1,0,0,1,1,0,0,1,0
0,0,0,0,0,0,0,0,0,609,0,0,0,0,0,1,1,0,0,0
0,0,0,0,0,0,0,0,0,82,0,1,0,0,1,0,0,0,0,0
0,0,0,0,0,0,0,0,0,176,0,0,0,0,0,1,1,0,1,0
0,0,0,0,0,0,0,0,0,22,0,1,0,0,0,1,1,0,1,0
0,0,0,0,0,0,0,1,0,135,0,0,0,0,0,0,1,0,0,0
0,0,0,0,0,0,0,1,0,5,0,1,0,0,0,0,1,1,1,0
0,0,0,0,0,0,0,0,0,0,1,0,0,0,0,0,1,1,0,0
0,0,0,0,0,0,0,1,1,432,0,1,0,0,0,1,1,0,1,0
0,0,0,0,0,0,0,0,1,50,0,0,1,0,0,0,1,0,0,0
0,0,0,0,0,0,0,0,0,3,0,1,0,0,0,0,1,0,0,0
0,0,0,0,0,0,0,1,0,30,0,1,0,0,1,0,1,0,0,0
0,0,0,0,0,0,0,0,0,186,0,0,0,0,0,0,1,0,0,0
0,0,0,0,0,0,0,1,1,393,0,1,0,0,0,1,1,0,1,0
0,0,0,0,0,0,0,1,1,104,0,1,0,0,0,1,0,0,0,0
0,0,0,0,0,0,0,1,0,26,0,1,0,0,0,1,0,0,1,0
0,0,0,0,0,0,0,1,0,29,0,1,0,0,1,0,1,1,0,0
0,0,0,1,0,0,0,0,0,826,0,0,0,0,0,0,1,0,0,0
0,0,0,0,0,0,0,1,0,392,0,0,0,0,0,0,0,0,0,0
0,0,0,0,0,0,0,0,1,309,0,1,0,0,0,1,0,0,1,0
0,0,0,0,0,0,0,0,0,6,0,1,0,0,0,1,1,0,1,0
0,0,0,0,0,0,0,1,0,192,0,0,0,0,0,1,0,0,0,0
0,0,0,0,0,0,0,1,0,760,0,1,0,0,0,1,0,0,1,0
0,0,0,0,0,0,0,0,0,305,0,0,0,0,0,0,1,0,0,0
0,0,0,0,0,0,0,1,0,211,0,1,0,0,0,0,1,0,0,0
0,0,0,0,0,0,0,0,0,329,0,0,0,0,0,0,0,0,0,0
0,0,0,0,0,0,0,0,0,0,1,0,0,0,0,0,1,1,0,0
0,0,0,0,0,0,0,0,0,274,0,0,0,0,0,1,0,0,0,0
0,0,0,0,0,0,0,0,0,95,0,1,0,0,0,1,1,0,1,0
0,0,0,0,0,0,0,1,0,29,0,1,0,0,1,0,1,1,0,0
0,0,0,0,0,0,0,0,0,0,1,0,0,0,0,0,1,1,0,0
0,0,0,0,0,0,0,1,0,342,0,1,0,0,0,1,1,0,1,0
0,0,0,0,0,0,0,1,0,164,0,0,0,0,0,0,0,0,0,0
0,0,0,0,0,0,0,1,1,368,0,0,0,0,0,1,0,0,0,0
0,0,0,0,0,0,0,0,0,63,0,1,0,0,0,1,1,0,0,0
0,0,0,0,0,0,0,0,0,98,0,1,0,0,0,1,0,0,1,0
0,0,0,0,0,0,0,0,1,897,0,1,0,0,0,1,0,0,1,0
0,0,0,0,0,0,0,0,1,527,0,0,0,0,0,1,1,0,0,0
0,0,0,0,0,0,0,0,0,474,0,1,0,0,0,1,1,0,1,0
0,0,0,0,0,0,0,0,0,267,0,1,0,0,0,0,0,0,0,0
0,0,0,0,0,0,0,0,0,184,0,1,0,0,0,0,1,1,0,0
0,0,0,0,0,0,0,1,0,194,0,0,0,0,0,1,0,0,1,0
0,0,0,0,0,0,0,1,0,273,0,0,0,0,0,0,0,0,0,0
0,0,0,0,0,0,0,0,0,0,1,0,0,0,0,0,1,1,0,0
0,0,0,0,0,0,0,1,0,96,0,1,0,0,0,0,0,0,1,0
0,0,0,0,0,0,0,1,0,56,0,1,0,0,0,1,0,0,1,0
0,0,0,0,0,0,0,0,0,340,0,0,0,0,0,1,0,0,0,0
0,0,0,0,0,0,0,0,1,138,0,0,0,0,0,1,0,0,1,0
0,0,0,0,0,0,0,0,0,37,0,1,0,0,0,1,0,0,0,0
0,0,0,0,0,0,0,0,0,129,0,0,0,0,0,0,1,0,0,0
0,0,0,0,0,0,0,1,1,137,0,1,0,0,0,1,0,0,1,0
0,0,0,0,0,0,0,1,0,257,0,1,0,0,0,1,0,0,1,0
0,0,0,1,0,0,0,1,1,211,0,0,0,0,0,1,1,0,1,0
0,0,0,0,0,0,0,0,0,0,1,0,0,0,0,0,1,1,0,0
0,0,0,0,0,0,0,0,0,0,1,0,0,0,0,0,1,1,0,0
0,0,0,0,0,0,0,0,1,112,0,0,0,0,0,1,0,0,1,0
0,0,0,0,0,0,0,0,0,64,0,1,0,0,0,1,1,1,1,0
0,0,0,0,0,0,0,1,0,3,0,1,0,0,0,0,1,0,0,0
0,0,0,0,0,0,0,1,1,328,0,0,0,0,0,1,1,0,1,0
0,0,0,0,0,0,0,0,0,326,0,1,0,0,0,1,1,0,0,0
0,0,0,1,0,0,0,0,0,62,0,0,0,0,0,0,0,0,0,0
0,0,0,0,0,0,0,0,0,151,0,1,0,0,0,1,0,0,1,0
0,0,0,0,0,0,0,0,0,202,0,0,0,0,0,0,0,0,0,0
0,0,0,0,0,0,0,1,0,51,0,0,0,0,0,0,1,0,0,0
0,0,0,0,0,0,0,1,0,228,0,1,0,0,0,1,0,0,1,0
0,0,0,0,0,0,0,0,0,324,0,0,0,0,0,1,0,0,0,0
0,0,0,0,0,0,0,0,0,177,0,0,0,0,0,0,0,0,0,0
0,0,0,0,0,0,0,0,0,1,0,0,0,0,0,0,1,1,0,0
0,0,0,0,0,0,0,0,0,21,0,1,0,0,0,1,1,1,1,0
0,0,0,0,0,0,0,0,0,458,0,0,0,0,0,0,0,0,0,0
0,0,0,0,0,0,0,0,0,0,1,0,0,0,0,0,1,1,0,0
0,0,0,0,0,0,0,0,0,204,0,0,0,0,0,0,1,0,0,0
0,0,0,0,0,0,0,0,0,35,0,0,0,0,0,0,0,0,0,0
0,0,0,0,0,0,0,0,0,3,0,1,0,1,0,0,1,1,0,0
0,0,0,0,0,0,0,0,0,183,0,0,0,1,0,0,1,0,0,0
0,0,0,0,0,0,0,0,0,237,0,0,0,0,0,1,1,0,1,0
0,0,0,0,0,0,0,0,1,244,0,1,0,0,0,0,1,0,0,0
0,0,0,0,0,0,0,0,1,182,0,1,0,0,0,1,0,0,0,0
0,0,0,0,0,0,0,0,0,5,0,0,0,0,0,0,1,0,0,0
0,0,0,0,0,0,0,0,1,189,0,0,0,0,0,1,0,0,0,0
0,0,0,0,0,0,0,0,1,286,0,0,0,0,0,0,0,0,0,0
0,0,0,0,0,0,0,0,0,253,0,0,0,0,0,0,0,0,0,0
0,0,0,0,0,0,0,0,0,410,0,0,0,0,0,1,1,0,0,0
0,0,0,0,0,0,0,0,0,195,0,0,0,0,0,1,0,0,0,0
0,0,0,0,0,0,0,0,0,0,1,0,0,0,0,0,1,1,0,0
0,0,0,0,0,0,0,1,0,159,0,0,0,0,0,0,1,0,0,0
0,0,0,0,0,0,0,1,0,7,0,1,0,0,0,1,1,0,1,0
0,0,0,0,0,0,0,0,0,103,0,0,0,0,0,0,1,0,0,0
0,0,0,0,0,0,0,0,0,177,0,1,0,0,0,1,1,0,1,0
0,0,0,0,0,0,0,0,0,82,0,1,0,0,0,0,0,0,1,0
0,0,0,0,0,0,0,1,0,338,0,1,0,0,0,0,1,0,1,0
0,0,0,0,0,0,0,0,0,191,0,0,0,0,0,1,0,0,1,0
0,0,0,0,0,0,0,1,0,76,0,0,0,0,0,1,1,0,1,0
0,0,0,0,0,0,0,0,0,155,0,0,0,0,0,0,0,0,0,0
0,0,0,0,0,0,0,1,0,9,0,1,0,0,0,0,1,0,0,0
0,0,0,0,0,0,0,0,0,66,0,0,0,0,0,0,1,0,0,0
0,0,0,0,0,0,0,0,0,85,0,1,0,0,0,1,0,0,0,0
0,0,0,0,0,0,0,0,1,201,0,1,0,0,0,1,0,0,1,0
0,0,0,0,0,0,0,0,0,24,0,1,0,0,0,1,1,1,1,0
0,0,0,0,0,0,0,0,0,200,0,0,0,0,0,0,1,0,0,0
0,0,0,0,0,0,0,1,0,30,0,1,0,0,1,0,1,0,0,0
0,0,0,0,0,0,0,0,0,20,0,1,0,0,0,1,1,1,1,0
0,0,0,0,0,0,0,0,0,0,1,0,0,0,0,0,1,1,0,0
0,0,0,0,0,0,0,1,0,123,0,1,0,0,1,1,1,0,1,0
0,0,0,0,0,0,0,0,0,5,0,1,0,0,1,0,1,0,0,0
0,0,0,0,0,0,0,0,1,360,0,0,0,0,0,0,0,0,0,0
0,0,0,0,0,0,0,1,0,30,0,1,0,0,1,0,1,0,0,0
0,0,0,0,0,0,0,0,0,1,0,1,0,0,1,0,1,1,0,0
0,0,0,0,0,0,0,0,1,87,0,0,0,0,0,1,0,0,0,0
0,0,0,0,0,0,0,0,0,0,1,0,0,0,0,0,1,1,0,0
0,0,0,0,0,0,0,0,0,54,0,0,0,0,0,0,0,0,0,0
0,0,0,0,0,0,0,1,1,394,0,1,0,0,0,1,0,0,1,0
0,0,0,0,0,0,0,0,0,82,0,0,0,0,0,0,0,0,0,0
0,0,0,0,0,0,0,1,1,272,0,1,0,0,0,1,1,0,0,0
0,0,0,0,0,0,0,1,0,285,0,0,0,0,0,0,0,0,0,0
0,0,0,0,0,0,0,0,0,0,1,0,0,0,0,0,1,1,0,0
0,0,0,0,0,0,0,1,0,80,0,1,0,0,0,0,0,0,0,0
0,0,0,0,0,0,0,0,0,144,0,0,0,0,0,0,1,0,0,0
0,0,0,0,0,0,0,1,1,392,0,0,0,0,0,1,1,1,1,0
0,0,0,0,0,0,0,1,0,337,0,0,0,0,0,0,0,0,0,0
0,0,0,0,0,0,0,0,0,0,1,0,0,0,0,0,1,1,0,0
0,0,0,0,0,0,0,1,0,223,0,0,0,0,0,0,0,0,0,0
0,0,0,1,0,0,0,1,0,164,0,1,0,0,0,1,1,0,1,0
0,0,0,0,0,0,0,0,0,10,0,1,0,0,0,0,1,1,0,0
0,0,0,0,0,0,0,0,1,208,0,1,0,0,0,0,1,0,0,0
0,0,0,0,0,0,0,1,1,650,0,0,0,0,0,1,1,1,1,0
0,0,0,0,0,0,0,1,1,431,0,1,0,0,0,1,0,0,1,0
0,0,0,0,0,0,0,1,1,513,0,1,0,1,0,1,1,0,1,0
0,0,0,0,0,0,0,1,0,283,0,0,0,0,0,0,1,0,0,0
0,0,0,0,0,0,0,1,1,244,0,1,0,0,0,1,0,0,1,0
0,0,0,0,0,0,0,0,0,384,0,0,0,0,0,0,0,0,0,0
0,0,0,0,0,0,0,0,1,175,0,0,0,0,0,1,1,0,1,0
0,0,0,0,0,0,0,1,0,505,0,1,0,0,0,1,0,0,1,0
0,0,0,0,0,0,0,0,0,8,0,0,0,0,0,0,1,0,0,0
0,0,0,0,0,0,0,0,0,192,0,1,0,0,0,1,1,0,1,0
0,0,0,0,0,0,0,0,0,1,0,1,0,0,1,0,1,1,0,0
0,0,0,0,0,0,0,0,0,10,0,0,0,0,0,0,0,1,0,0
0,0,0,0,0,0,0,0,0,0,1,0,0,0,0,0,1,1,0,0
0,0,0,0,0,0,0,0,0,190,0,1,0,0,0,1,1,0,1,0
0,0,0,0,0,0,0,0,1,209,0,0,0,0,0,1,0,0,1,0
0,0,0,0,0,0,0,0,1,613,0,1,0,0,0,0,0,0,0,0
0,0,0,0,0,0,0,0,0,3,0,0,0,0,1,0,1,0,0,0
0,0,0,0,0,0,0,0,0,321,0,0,0,0,0,1,1,0,1,0
0,0,0,0,0,0,0,0,0,54,0,0,0,0,0,0,1,0,0,0
0,0,0,0,0,0,0,1,0,629,0,0,0,0,0,0,0,0,0,0
0,0,0,0,0,0,0,0,1,572,0,0,0,0,0,1,1,0,0,0
0,0,0,0,0,0,0,1,0,57,0,0,0,0,0,1,1,0,0,0
0,0,0,0,0,0,0,1,1,363,0,0,0,0,0,0,0,0,0,0
0,0,0,0,0,0,0,0,0,22,0,0,0,0,0,1,0,0,0,0
0,0,0,0,0,0,0,1,0,341,0,0,0,0,0,0,0,0,0,0
0,0,0,0,0,0,0,0,0,0,1,0,0,0,0,0,1,1,0,0
0,0,0,0,0,0,0,0,0,2,0,0,0,0,0,1,1,0,1,0
0,0,0,0,0,0,0,1,0,367,0,0,0,0,0,1,1,0,0,0
0,0,0,0,0,0,0,0,1,22,0,0,0,0,0,0,1,0,0,0
0,0,0,0,0,0,0,1,0,140,0,0,0,0,0,0,0,0,0,0
0,0,0,0,0,0,0,0,1,248,0,1,0,0,0,1,0,0,1,0
0,0,0,1,0,0,0,1,0,76,0,0,0,0,0,0,0,0,0,0
0,0,0,0,0,0,0,1,0,285,0,1,0,0,0,1,0,0,1,0
0,0,0,0,0,0,0,0,0,126,0,1,0,0,0,1,0,0,0,0
0,0,0,0,0,0,0,0,0,493,0,0,0,0,0,0,1,0,0,0
0,0,0,0,0,0,0,0,0,183,0,0,0,0,0,0,1,0,0,0
0,0,0,0,0,0,0,0,0,204,0,1,0,0,0,0,0,0,1,0
0,0,0,0,0,0,0,0,0,157,0,1,0,0,0,0,0,0,0,0
0,0,0,0,0,0,0,1,0,96,0,0,0,0,1,1,1,0,0,0
0,0,0,0,0,0,0,1,0,99,0,0,0,0,0,0,1,0,1,0
0,0,0,0,0,0,0,0,0,56,0,1,0,0,0,1,1,0,1,0
0,0,0,0,0,0,0,0,0,0,1,0,0,0,0,0,1,1,0,0
0,0,0,0,0,0,0,1,0,175,0,0,0,0,0,1,0,0,0,0
0,0,0,0,0,0,0,1,0,158,0,1,0,0,0,1,0,0,1,0
0,0,0,0,0,0,0,0,0,197,0,1,0,0,0,1,0,0,1,0
0,0,0,0,0,0,0,0,0,297,0,0,0,0,0,1,1,0,1,0
0,0,0,0,0,0,0,0,0,73,0,0,0,0,0,0,0,0,0,0
0,0,0,0,0,0,0,0,1,835,0,0,0,0,0,1,1,0,1,0
0,0,0,0,0,0,0,0,0,58,0,0,0,0,0,0,1,0,0,0
0,0,0,0,0,0,0,1,1,842,0,0,0,0,0,1,0,0,1,0
0,0,0,0,0,0,0,0,0,229,0,0,0,0,0,0,0,0,0,0
0,1,0,0,0,0,0,0,0,49,0,0,0,0,0,0,0,0,0,0
0,0,0,0,0,0,0,0,1,246,0,0,0,0,0,0,0,0,1,0
0,0,0,0,0,0,0,1,0,45,0,1,0,0,0,1,1,0,1,0
0,0,0,0,0,0,0,1,0,29,0,1,0,0,1,0,1,1,0,0
0,0,0,0,0,0,0,1,0,299,0,0,0,0,0,1,0,0,0,0
0,0,0,0,0,0,0,0,1,79,0,1,0,0,0,1,0,0,1,0
0,0,0,0,0,0,0,1,0,124,0,0,0,0,0,1,1,0,1,0
0,0,0,0,0,0,0,1,0,105,0,1,0,0,0,0,0,0,0,0
0,0,0,0,0,0,0,0,1,189,0,0,0,0,0,0,0,0,0,0
0,0,0,0,0,0,0,0,0,179,0,0,0,0,0,1,0,0,0,0
0,0,0,0,0,0,0,1,0,30,0,1,0,0,1,0,1,0,0,0
0,0,0,0,0,0,0,0,1,503,0,1,0,0,0,1,1,0,0,0
0,0,0,0,0,0,0,0,1,200,0,1,0,0,0,0,1,0,0,0
0,0,0,0,0,0,0,0,0,0,1,0,0,0,0,0,1,1,0,0
0,0,0,0,0,0,0,1,1,284,0,1,0,0,0,1,0,0,1,0
0,0,0,0,0,0,0,0,0,79,0,1,0,0,0,0,0,0,0,0
0,0,0,0,0,0,0,0,0,6,0,1,0,0,0,1,1,1,0,0
0,0,0,0,0,0,0,1,1,63,0,1,0,0,0,1,1,1,1,0
0,0,0,0,0,0,0,0,0,10,0,0,0,0,0,0,0,0,0,0
0,0,0,0,0,0,0,0,0,343,0,0,0,0,0,0,1,0,0,0
0,0,0,0,0,0,0,0,0,389,0,1,0,0,0,0,1,0,0,0
0,0,0,0,0,0,0,0,0,7,0,1,0,0,1,0,1,0,0,0
0,0,0,1,0,0,0,1,0,168,0,0,0,0,0,0,1,0,0,0
0,0,0,0,0,0,0,0,0,367,0,0,0,0,0,1,1,0,0,0
0,0,0,0,0,0,0,0,0,122,0,0,0,0,0,1,1,0,0,0
0,0,0,0,0,0,0,0,0,37,0,0,0,0,0,1,0,0,0,0
0,0,0,0,0,0,0,0,0,146,0,1,0,0,0,1,0,0,1,0
0,0,0,0,0,0,0,0,0,0,1,0,0,0,0,0,1,1,0,0
0,0,0,0,0,0,0,0,0,29,0,0,0,0,0,1,0,0,0,0
0,0,0,0,0,0,0,0,0,0,1,0,0,0,0,0,1,1,0,0
0,0,0,0,0,0,0,1,0,172,0,1,0,0,0,1,0,0,1,0
0,0,0,0,0,0,0,1,0,962,0,0,0,0,0,1,0,0,1,0
0,0,0,0,0,0,0,0,0,15,0,1,0,0,0,1,0,0,0,0
0,0,0,0,0,0,0,1,0,63,0,0,0,0,0,0,1,0,1,0
0,0,0,0,0,0,0,1,0,473,0,0,0,0,0,1,0,0,1,0
0,0,0,0,0,0,0,1,0,227,0,1,0,0,0,1,0,0,1,0
0,0,0,0,0,0,0,0,0,627,0,1,0,0,0,1,1,0,0,0
0,0,0,0,0,0,0,0,0,0,1,0,0,0,0,0,1,1,0,0
0,0,0,0,0,0,0,0,0,185,0,1,0,0,0,1,0,0,1,0
0,0,0,0,0,0,0,0,0,862,0,1,0,0,0,1,0,0,1,0
0,0,0,0,0,0,0,1,0,95,0,1,0,0,0,0,1,1,1,0
0,0,0,0,0,0,0,0,0,102,0,1,0,0,0,1,1,0,1,0
0,0,0,0,0,0,0,0,0,265,0,1,0,0,0,0,0,0,0,0
0,0,0,0,0,0,0,0,0,19,0,0,0,0,0,0,1,0,0,0
0,0,0,0,0,0,0,0,0,0,1,0,0,0,0,0,1,1,0,0
0,0,0,0,0,0,0,1,1,2,0,1,0,0,1,0,1,0,0,0
0,1,0,0,0,0,0,0,0,228,0,0,0,0,0,0,1,0,0,0
0,0,0,0,0,0,0,1,0,341,0,0,0,0,0,0,0,0,0,0
0,0,0,0,0,0,0,0,1,35,0,0,0,0,0,0,1,1,0,0
0,0,0,0,0,0,0,0,0,96,0,1,0,0,0,1,1,0,1,0
0,0,0,0,0,0,0,0,0,158,0,1,0,0,0,1,1,0,1,0
0,0,0,0,0,0,0,0,0,149,0,0,0,0,0,1,0,0,1,0
0,0,0,0,0,0,0,0,1,530,0,1,0,0,0,1,1,0,1,0
0,0,0,0,0,0,0,0,0,1,0,1,0,0,0,0,1,0,0,0
0,0,0,0,0,0,0,0,0,0,1,0,0,0,0,0,1,1,0,0
0,0,0,0,0,0,0,1,0,30,0,1,0,0,1,0,1,0,0,0
0,0,0,0,0,0,0,0,0,30,0,1,0,0,0,0,1,0,0,0
0,0,0,0,0,0,0,1,1,95,0,1,0,0,0,0,0,0,0,0
0,0,0,0,0,0,0,1,0,7,0,0,0,0,0,0,1,0,0,0
0,0,0,0,0,0,0,0,1,311,0,0,0,0,0,0,0,0,0,0
0,0,0,0,0,0,0,0,0,8,0,0,0,0,0,1,1,1,0,0
0,0,0,0,0,0,0,0,0,91,0,1,0,0,0,1,0,0,1,0
0,0,0,0,0,0,0,1,1,340,0,1,0,0,0,1,0,0,0,0
0,0,0,0,0,0,0,0,0,193,0,0,0,0,0,1,0,0,1,0
0,0,0,0,0,0,0,0,0,3,0,1,0,0,0,0,1,0,0,0
0,0,0,0,0,0,0,0,1,208,0,0,0,0,0,0,0,0,0,0
0,0,0,0,0,0,0,0,0,212,0,1,0,0,1,1,1,0,0,0
0,0,0,0,0,0,0,0,0,2,0,0,0,0,0,0,1,1,0,0
0,1,0,0,0,0,0,1,0,449,0,0,0,0,0,0,1,0,1,0
0,0,0,0,0,0,0,1,0,195,0,0,0,0,0,0,0,0,0,0
0,0,0,0,0,0,0,0,0,351,0,0,0,0,0,1,0,0,1,0
0,0,0,0,0,0,0,1,0,7,0,1,0,0,0,1,1,0,0,0
0,0,0,0,0,0,0,1,0,254,0,0,0,0,0,1,0,0,0,0
0,0,0,0,0,0,0,0,0,0,1,0,0,0,0,0,1,1,0,0
0,0,0,0,0,0,0,0,0,269,0,0,0,0,0,1,1,0,0,0
0,1,0,0,0,0,0,0,1,1532,0,1,0,0,0,1,1,0,0,0
0,0,0,0,0,0,0,1,0,37,0,1,0,0,0,1,1,0,1,0
0,0,0,0,0,0,0,1,1,220,0,1,0,0,0,1,0,0,1,0
0,0,0,0,0,0,0,1,1,160,0,1,0,0,0,1,0,0,1,0
0,0,0,0,0,0,0,0,1,25,0,0,0,0,0,1,1,0,1,0
0,0,0,0,0,0,0,1,0,29,0,1,0,0,1,0,1,1,0,0
0,0,0,0,0,0,0,0,0,70,0,1,0,0,0,1,0,0,0,0
0,0,0,0,0,0,0,0,0,0,1,0,0,0,0,0,1,1,0,0
0,0,0,0,0,0,0,0,0,392,0,1,0,0,0,1,1,0,1,0
0,0,0,0,0,0,0,1,0,523,0,1,0,0,0,1,0,0,0,0
0,0,0,0,0,0,0,0,0,119,0,0,0,0,0,0,1,0,0,0
0,0,0,0,0,0,0,0,0,64,0,1,0,0,0,1,1,0,1,0
0,0,0,0,0,0,0,1,0,5,0,1,0,0,0,0,1,1,0,0
0,0,0,0,0,0,0,1,1,366,0,1,0,0,0,1,0,0,1,0
0,0,0,0,0,0,0,1,1,337,0,1,0,0,0,0,1,0,0,0
0,0,0,0,0,0,0,0,1,10,0,0,0,0,0,0,1,0,0,0
0,0,0,0,0,0,0,0,0,67,0,0,0,0,0,0,1,0,0,0
0,0,0,0,0,0,0,1,0,166,0,0,0,0,0,0,1,0,0,0
0,0,0,0,0,0,0,1,0,110,0,0,0,0,0,0,0,0,0,0
0,0,0,0,0,0,0,0,0,227,0,1,0,0,0,1,0,0,1,0
0,0,0,0,0,0,0,1,1,161,0,1,0,0,0,1,0,0,1,0
0,0,0,0,0,0,0,1,0,432,0,1,0,1,0,0,0,0,1,0
0,0,0,0,0,0,0,0,0,38,0,0,0,0,0,1,0,0,0,0
0,0,0,0,0,0,0,0,0,1048,0,0,0,0,0,0,0,0,0,0
0,0,0,0,0,0,0,0,0,42,0,0,0,0,0,0,1,0,0,0
0,0,0,0,0,0,0,0,0,93,0,0,0,0,0,0,1,1,0,0
0,0,0,0,0,0,0,1,1,634,0,1,0,0,0,1,0,0,1,0
0,0,0,0,0,0,0,0,0,67,0,0,0,0,0,0,1,0,0,0
0,0,0,0,0,0,0,0,0,1,0,0,1,0,0,0,1,1,0,0
0,0,0,0,0,0,0,0,0,1,0,0,0,0,0,0,1,0,0,0
0,0,0,0,0,0,0,0,0,181,0,0,0,0,0,1,1,0,0,0
0,0,0,0,0,0,0,0,0,236,0,0,0,0,0,1,0,0,1,0
0,0,0,0,0,0,0,1,1,189,0,1,0,0,0,0,1,0,0,0
0,0,0,0,0,0,0,0,0,79,0,1,0,0,0,1,1,0,0,0
0,0,0,0,0,0,0,1,0,184,0,0,0,0,0,0,0,0,0,0
0,0,0,0,0,0,0,0,0,24,0,1,0,0,0,1,1,0,1,0
0,0,0,0,0,0,0,0,1,59,0,0,0,0,0,0,1,0,0,0
0,1,0,0,0,0,0,0,0,123,0,0,0,0,0,0,1,1,0,0
0,0,0,0,0,0,0,0,0,373,0,1,0,0,0,1,0,0,1,0
0,0,0,0,0,0,0,1,0,369,0,1,0,0,0,1,0,0,1,0
0,0,0,0,0,0,0,0,0,1171,0,1,0,0,0,1,1,0,0,0
0,0,0,0,0,0,0,0,1,219,0,0,0,0,0,1,0,0,0,0
0,0,0,0,0,0,0,0,0,2062,0,1,0,0,0,1,1,1,0,0
0,0,0,1,0,0,0,0,0,574,0,0,0,0,0,0,1,0,0,0
0,0,0,0,0,0,0,1,0,387,0,0,0,0,0,0,0,0,0,0
0,0,0,0,0,0,0,0,0,0,1,0,0,0,0,0,1,1,0,0
0,0,0,0,0,0,0,1,0,99,0,0,0,0,0,0,0,0,0,0
0,0,0,0,0,0,0,0,0,9,0,1,0,0,0,1,0,0,1,0
0,0,0,0,0,0,0,1,0,122,0,1,0,0,0,1,0,0,1,0
0,0,0,0,0,0,0,0,1,81,0,1,0,0,1,1,1,0,1,0
0,0,0,0,0,0,0,0,0,139,0,1,0,0,0,0,0,0,0,0
0,0,0,0,0,0,0,0,0,159,0,0,0,0,0,1,0,0,1,0
0,0,0,0,0,0,0,0,1,598,0,1,0,0,0,1,0,0,1,0
0,0,0,0,0,0,0,0,0,0,1,0,0,0,0,0,1,1,0,0
0,0,0,0,0,0,0,0,0,0,1,0,0,0,0,0,1,1,0,0
0,0,0,0,0,0,0,0,0,35,0,0,0,0,0,0,1,0,0,0
0,0,0,0,0,0,0,0,0,363,0,1,0,0,0,0,1,0,0,0
0,0,0,0,0,0,0,1,0,216,0,0,0,0,0,1,0,0,1,0
0,0,0,0,0,0,0,1,0,60,0,0,0,0,0,0,0,0,0,0
0,0,0,0,0,0,0,0,0,0,1,0,0,0,0,0,1,1,0,0
0,0,0,0,0,0,0,1,1,284,0,0,0,0,0,1,0,0,0,0
0,0,0,0,0,0,0,0,0,26,0,1,0,0,0,0,0,0,1,0
0,0,0,0,0,0,0,0,0,32,0,0,0,0,0,0,0,0,0,0
0,1,0,0,0,0,0,0,0,1,0,1,0,0,1,0,1,1,0,0
0,0,0,0,0,0,0,0,0,1,0,1,0,0,1,0,1,1,0,0
0,0,0,0,0,0,0,1,1,41,0,0,0,0,0,1,0,0,0,0
0,0,0,0,0,0,0,0,0,0,1,0,0,0,0,0,1,1,0,0
0,0,0,0,0,0,0,0,0,6,0,1,0,0,0,0,1,0,0,0
0,0,0,0,0,0,0,0,0,70,0,1,0,0,0,0,0,0,1,0
0,0,0,0,0,0,0,0,0,90,0,0,0,0,0,0,1,0,0,0
0,0,0,0,0,0,0,0,0,230,0,0,0,0,0,0,0,0,0,0
0,0,0,0,0,0,0,1,0,29,0,1,0,0,1,0,1,1,0,0
0,0,0,0,0,0,0,0,0,299,0,1,0,0,0,1,1,0,0,0
0,0,0,0,0,0,0,0,0,130,0,0,0,0,0,0,0,0,0,0
0,0,0,0,0,0,0,0,0,0,1,0,0,0,0,0,1,1,0,0
0,0,0,0,0,0,0,0,0,117,0,0,0,0,0,0,0,0,0,0
0,0,0,0,0,0,0,1,0,29,0,1,0,0,1,0,1,1,0,0
0,0,0,0,0,0,0,0,0,213,0,0,0,0,0,1,1,0,1,0
0,0,0,0,0,0,0,0,0,263,0,0,0,0,0,1,1,0,1,0
0,0,0,0,0,0,0,0,0,63,0,1,0,0,0,1,1,1,1,0
0,0,0,0,0,0,0,1,0,30,0,1,0,0,1,0,1,0,0,0
0,0,0,0,0,0,0,0,0,150,0,1,0,0,0,0,1,0,0,0
0,0,0,0,0,0,0,0,0,80,0,0,0,0,0,1,1,0,1,0
0,0,0,0,0,0,0,0,0,0,1,0,0,0,0,0,1,1,0,0
0,0,0,0,0,0,0,0,0,94,0,1,0,0,0,0,0,0,0,0
0,0,0,0,0,0,0,0,0,7,0,0,0,0,0,0,1,0,0,0
0,0,0,0,0,0,0,0,0,31,0,0,0,0,0,0,0,0,0,0
0,0,0,0,0,0,0,0,0,59,0,1,0,0,0,0,1,0,0,0
0,0,0,0,0,0,0,0,0,681,0,1,0,0,0,1,1,0,1,0
0,0,0,0,0,0,0,0,0,5,0,1,0,0,0,0,1,0,1,0
0,0,0,0,0,0,0,0,1,183,0,0,0,0,0,0,0,0,0,0
0,0,0,0,0,0,0,0,0,3,0,0,0,0,0,1,1,0,1,0
0,0,0,0,0,0,0,0,0,197,0,0,0,0,0,1,1,1,0,0
0,0,0,0,0,0,0,0,0,546,0,0,0,0,0,1,1,0,1,0
0,1,0,1,0,0,0,1,0,197,0,0,0,0,0,0,0,0,0,0
0,0,0,0,0,0,0,1,0,117,0,0,0,0,0,1,0,0,1,0
0,0,0,0,0,0,0,0,0,0,1,0,0,0,0,0,1,1,0,0
0,0,0,1,0,0,0,0,0,204,0,0,0,0,0,0,0,0,0,0
0,0,0,0,0,0,0,0,1,240,0,1,0,0,0,1,1,0,1,0
0,1,0,0,0,0,0,0,0,315,0,0,0,0,0,1,1,0,0,0
0,0,0,0,0,0,0,1,0,4,0,1,0,0,0,1,1,1,0,0
0,0,0,0,0,0,0,0,1,176,0,1,0,0,0,0,1,0,1,0
0,0,0,0,0,0,0,0,0,267,0,1,0,0,0,1,1,0,1,0
0,0,0,0,0,0,0,0,0,0,1,0,0,0,0,0,1,1,0,0
0,0,0,0,0,0,0,1,0,252,0,0,0,0,0,0,1,0,0,0
0,0,0,0,0,0,0,0,0,16,0,1,0,0,0,0,1,0,0,0
0,0,0,0,0,0,0,0,0,168,0,0,0,0,0,0,0,0,0,0
0,0,0,1,0,0,0,0,1,96,0,1,0,0,0,1,1,0,0,0
0,0,0,0,0,0,0,0,0,308,0,0,0,0,0,0,1,0,0,0
0,0,0,0,0,0,0,0,1,212,0,0,0,0,0,1,1,0,0,0
0,0,0,0,0,0,0,0,0,757,0,0,0,0,0,0,0,0,1,0
0,0,0,0,0,0,0,0,0,48,0,0,0,0,0,0,0,0,0,0
0,0,0,0,0,0,0,1,0,368,0,1,0,0,0,1,0,0,1,0
0,0,0,0,0,0,0,0,0,58,0,0,0,0,0,1,1,0,0,0
0,0,0,0,0,0,0,0,0,168,0,0,0,0,0,0,0,0,0,0
0,0,0,0,0,0,0,1,0,94,0,0,0,0,0,0,1,0,0,0
0,0,0,0,0,0,0,0,0,229,0,1,0,0,0,1,1,0,1,0
0,0,0,0,0,0,0,0,0,174,0,0,0,0,0,0,0,0,0,0
0,0,0,0,0,0,0,1,0,298,0,0,0,0,0,1,0,0,0,0
0,0,0,0,0,0,0,0,0,0,1,0,0,0,0,0,1,1,0,0
0,0,0,0,0,0,0,0,0,1,0,0,1,0,0,0,1,1,0,0
0,0,0,0,0,0,0,1,0,281,0,0,0,0,0,0,0,0,0,0
0,0,0,0,0,0,0,0,0,266,0,1,0,0,0,1,0,0,1,0
0,0,0,0,0,0,0,0,0,74,0,0,0,0,0,0,1,0,0,0
0,0,0,0,0,0,0,0,0,259,0,1,0,0,0,1,0,0,1,0
0,0,0,0,0,0,0,0,0,11,0,1,0,0,0,0,1,1,0,0
0,0,0,0,0,0,0,0,0,26,0,1,0,0,0,0,0,0,1,0
0,0,0,0,0,0,0,0,0,121,0,0,0,0,0,1,1,0,1,0
0,0,0,0,0,0,0,0,0,58,0,0,0,0,0,0,1,0,0,0
0,0,0,0,0,0,0,0,1,401,0,0,0,0,0,1,0,0,1,0
0,0,0,0,0,0,0,0,0,138,0,0,0,0,0,1,1,0,0,0
0,0,0,0,0,0,0,0,0,146,0,0,0,0,0,1,0,0,0,0
0,0,0,0,0,0,0,0,0,105,0,1,0,0,0,1,0,0,1,0
0,0,0,0,0,0,0,0,0,291,0,1,0,0,0,1,0,0,1,0
0,0,0,0,0,0,0,0,0,0,1,0,0,0,0,0,1,1,0,0
0,0,0,0,0,0,0,0,0,534,0,1,0,0,1,0,0,0,1,0
0,0,0,0,0,0,0,1,0,1099,0,0,0,0,0,0,1,0,0,0
0,0,0,0,0,0,0,0,0,0,1,0,0,0,0,0,1,1,0,0
0,0,0,0,0,0,0,0,0,386,0,1,0,0,0,1,0,0,1,0
0,0,0,0,0,0,0,1,0,24,0,0,0,0,0,0,1,0,0,0
0,0,0,0,0,0,0,0,0,0,1,0,0,0,0,0,1,1,0,0
0,0,0,0,0,0,0,0,0,237,0,0,0,0,0,0,1,0,0,0
0,0,0,0,0,0,0,0,0,109,0,0,0,0,0,1,1,1,1,0
0,0,0,0,0,0,0,0,1,275,0,1,0,0,0,1,0,0,1,0
0,0,0,0,0,0,0,1,0,110,0,0,0,0,0,0,1,0,0,0
0,0,0,0,0,0,0,0,0,51,0,0,0,0,0,0,1,1,0,0
0,0,0,0,0,0,0,1,0,234,0,1,0,0,0,0,1,0,1,0
0,0,0,0,0,0,0,0,0,1,0,1,0,0,1,0,1,1,0,0
0,0,0,0,0,0,0,1,0,248,0,0,0,0,0,1,1,0,1,0
0,0,0,0,0,0,0,0,0,115,0,0,0,0,0,1,1,0,1,0
0,0,0,0,0,0,0,1,0,1802,0,1,0,0,0,0,0,0,1,0
0,0,0,0,0,0,0,0,1,162,0,0,0,0,0,0,0,0,0,0
0,0,0,0,0,0,0,0,0,7,0,1,0,0,0,1,1,0,0,0
0,0,0,0,0,0,0,0,0,0,1,0,0,0,0,0,1,1,0,0
0,0,0,1,0,0,0,1,0,3,0,1,0,0,0,0,0,0,1,0
0,0,0,0,0,0,0,0,0,3,0,1,0,0,0,0,1,0,0,0
0,0,0,0,0,0,0,0,0,0,1,0,0,0,0,0,1,1,0,0
0,0,0,0,0,0,0,0,0,326,0,1,0,0,0,1,1,0,0,0
0,0,0,0,0,0,0,1,0,166,0,0,0,0,0,1,0,0,0,0
0,0,0,0,0,0,0,0,0,55,0,1,0,0,0,0,0,0,1,0
0,0,0,0,0,0,0,1,0,75,0,0,0,0,0,0,1,0,0,0
0,0,0,0,0,0,0,1,0,158,0,1,0,0,0,0,0,0,1,0
0,0,0,0,0,0,0,0,0,1126,0,1,0,0,0,1,0,0,1,0
0,0,0,0,0,0,0,0,1,480,0,1,0,0,0,1,1,0,1,0
0,0,0,0,0,0,0,1,1,103,0,0,0,0,0,1,1,0,0,0
0,0,0,0,0,0,0,0,0,0,1,0,0,0,0,0,1,1,0,0
0,0,0,0,0,0,0,1,0,317,0,0,0,0,0,0,1,0,1,0
0,0,0,0,0,0,0,0,0,58,0,0,0,0,0,1,1,0,1,0
0,0,0,0,0,0,0,0,0,6,0,1,0,0,0,1,1,0,0,0
0,0,0,0,0,0,0,1,0,1,0,1,0,0,0,0,1,1,0,0
0,0,0,0,0,0,0,1,1,98,0,1,0,0,0,0,0,0,0,0
0,0,0,0,0,0,0,0,0,463,0,1,0,0,0,1,1,0,1,0
0,0,0,0,0,0,0,1,0,5,0,1,0,0,0,1,1,0,1,0
0,0,0,0,0,0,0,0,0,203,0,1,0,0,0,1,0,0,1,0
0,0,0,0,0,0,0,0,0,110,0,1,0,0,0,0,1,0,0,0
0,0,0,0,0,0,0,0,1,254,0,0,0,0,0,1,1,0,1,0
0,0,0,0,0,0,0,0,0,194,0,0,0,0,0,0,1,1,0,0
0,0,0,0,0,0,0,0,0,179,0,0,0,0,0,0,1,0,1,0
0,0,0,0,0,0,0,1,0,29,0,1,0,0,1,0,1,0,0,0
0,0,0,0,0,0,0,0,0,257,0,0,0,0,0,0,0,0,0,0
0,0,0,0,0,0,0,0,0,50,0,0,0,0,0,1,1,0,1,0
0,0,0,0,0,0,0,1,0,111,0,1,0,0,0,1,0,0,1,0
0,0,0,0,0,0,0,0,0,0,1,0,0,0,0,0,1,1,0,0
0,0,0,0,0,0,0,1,0,144,0,0,0,0,0,0,0,0,1,0
0,0,0,0,0,0,0,0,0,0,1,0,0,0,0,0,1,1,0,0
0,0,0,0,0,0,0,0,0,156,0,0,0,0,0,0,0,0,0,0
0,0,0,0,0,0,0,1,0,9,0,0,0,0,0,1,1,0,0,0
0,0,0,1,0,0,0,0,0,179,0,1,0,0,0,0,0,0,0,0
0,1,0,0,0,0,0,0,0,40,0,0,0,0,0,0,1,0,0,0
0,0,0,0,0,0,0,0,1,868,0,0,0,0,0,1,0,0,1,0
0,0,0,0,0,0,0,1,0,1,0,1,0,0,0,1,1,0,0,0
0,0,0,0,0,0,0,0,0,358,0,1,0,0,0,1,0,0,1,0
0,0,0,0,0,0,0,0,0,13,0,1,0,0,0,1,1,0,1,0
0,0,0,0,0,0,0,0,1,349,0,1,0,0,0,1,0,0,1,0
0,0,0,0,0,0,0,1,0,679,0,0,0,0,0,0,1,0,0,0
0,0,0,0,0,0,0,0,1,605,0,0,0,0,0,1,0,0,0,0
0,0,0,0,0,0,0,0,0,26,0,1,0,0,0,0,0,0,1,0
0,0,0,0,0,0,0,1,0,114,0,1,0,0,0,1,0,0,1,0
0,0,0,0,0,0,0,0,0,270,0,0,0,0,0,1,1,0,1,0
0,0,0,0,0,0,0,1,0,175,0,0,0,0,0,1,1,0,0,0
0,0,0,0,0,0,0,0,1,104,0,1,0,0,0,1,0,0,0,0
0,0,0,0,0,0,0,1,1,201,0,0,0,0,0,1,0,1,1,0
0,0,0,0,0,0,0,1,0,164,0,0,0,0,0,0,0,0,0,0
0,0,0,0,0,0,0,1,0,15,0,0,0,0,0,0,0,0,0,0
0,0,0,0,0,0,0,0,1,12,0,0,0,0,0,1,1,0,1,0
0,0,0,0,0,0,0,0,0,0,1,0,0,0,0,0,1,1,0,0
0,0,0,0,0,0,0,0,0,0,1,0,0,0,0,0,1,1,0,0
0,0,0,0,0,0,0,0,0,0,1,0,0,0,0,0,1,1,0,0
0,0,0,0,0,0,0,1,0,211,0,1,0,0,0,1,1,0,0,0
0,0,0,0,0,0,0,0,0,267,0,1,0,0,0,1,1,0,1,0
0,0,0,0,0,0,0,1,0,30,0,1,0,0,1,0,1,0,0,0
0,0,0,0,0,0,0,0,0,133,0,1,0,0,0,0,0,0,0,0
0,0,0,0,0,0,0,1,0,29,0,1,0,0,1,0,1,0,0,0
0,0,0,0,0,0,0,1,0,5,0,1,0,0,0,0,1,1,0,0
0,0,0,0,0,0,0,1,0,200,0,0,0,0,0,0,1,0,0,0
0,0,0,0,0,0,0,1,1,126,0,1,0,0,0,1,1,0,1,0
0,0,0,0,0,0,0,1,0,1,0,0,0,0,0,0,1,0,1,0
0,0,0,0,0,0,0,0,0,0,1,0,0,0,0,0,1,1,0,0
0,0,0,0,0,0,0,0,0,421,0,0,0,0,0,1,1,0,0,0
0,0,0,0,0,0,0,0,0,8,0,0,0,0,0,0,0,0,1,0
0,0,0,0,0,0,0,0,0,480,0,1,0,0,0,0,0,0,1,0
0,0,0,0,0,0,0,0,0,32,0,0,0,0,1,1,0,0,1,0
0,0,0,0,0,0,0,1,0,240,0,0,0,0,0,0,1,0,0,0
0,0,0,0,0,0,0,0,0,151,0,0,0,0,0,1,0,0,0,0
0,0,0,0,0,0,0,0,0,0,1,0,0,0,0,0,1,1,0,0
0,0,0,0,0,0,0,0,0,159,0,0,0,0,0,0,0,0,0,0
0,0,0,0,0,0,0,1,0,30,0,1,0,0,1,0,1,0,0,0
0,0,0,0,0,0,0,0,0,82,0,0,0,0,0,1,1,0,0,0
0,0,0,0,0,0,0,0,0,81,0,0,0,0,0,0,0,0,0,0
0,0,0,0,0,0,0,0,0,384,0,0,0,0,0,0,1,1,0,0
0,0,0,0,0,0,0,0,0,148,0,0,0,0,0,0,0,0,1,0
0,0,0,0,0,0,0,0,0,163,0,0,0,0,0,1,0,0,0,0
0,0,0,0,0,0,0,0,0,137,0,1,0,0,0,1,0,0,1,0
0,0,0,0,0,0,0,0,1,95,0,1,0,0,1,0,0,0,0,0
0,0,0,0,0,0,0,0,0,1545,0,1,0,0,0,1,0,0,1,0
0,0,0,1,0,0,0,0,0,159,0,0,0,0,0,1,1,0,0,0
0,0,0,0,0,0,0,1,0,359,0,1,0,0,0,1,1,0,1,0
0,0,0,0,0,0,0,1,0,29,0,1,0,0,1,0,1,1,0,0
0,0,0,0,0,0,0,0,0,0,1,0,0,0,0,0,1,1,0,0
0,0,0,0,0,0,0,0,0,216,0,0,0,0,0,1,1,0,0,0
0,0,0,0,0,0,0,1,0,457,0,1,0,0,0,1,0,0,1,0
0,0,0,0,0,0,0,1,0,19,0,1,0,0,0,0,1,0,1,0
0,0,0,0,0,0,0,1,0,347,0,0,0,0,0,0,0,0,0,0
0,0,0,0,0,0,0,1,0,3,0,0,0,0,0,0,0,0,1,0
0,0,0,0,0,0,0,0,1,84,0,1,0,0,0,1,1,0,1,0
0,0,0,0,0,0,0,1,0,146,0,0,0,0,0,0,1,0,1,0
0,0,0,0,0,0,0,0,0,741,0,0,0,0,0,1,1,1,1,0
0,0,0,0,0,0,0,0,0,44,0,1,0,0,1,1,1,0,1,0
0,0,0,0,0,0,0,1,1,211,0,0,0,0,0,1,1,0,0,0
0,0,0,0,0,0,0,1,0,8,0,0,0,0,0,0,1,0,0,0
0,0,0,0,0,0,0,1,0,29,0,1,0,0,1,0,1,1,0,0
0,0,0,0,0,0,0,0,0,634,0,0,0,0,0,1,0,0,1,0
0,0,0,0,0,0,0,1,0,103,0,1,0,0,0,1,0,0,1,0
0,0,0,0,0,0,0,0,1,497,0,0,0,0,0,1,0,0,1,0
0,0,0,0,0,0,0,0,0,322,0,1,0,0,1,1,1,0,0,0
0,0,0,0,0,0,0,0,0,441,0,0,0,0,0,0,1,0,0,0
0,0,0,0,0,0,0,0,0,106,0,0,0,0,0,1,0,0,0,0
0,0,0,0,0,0,0,0,0,275,0,0,0,0,0,1,0,0,0,0
0,0,0,0,0,0,0,0,0,0,1,0,0,0,0,0,1,1,0,0
0,0,0,0,0,0,0,1,1,94,0,1,0,0,0,0,1,0,0,0
0,0,0,0,0,0,0,1,0,724,0,0,0,0,0,1,1,0,0,0
0,0,0,0,0,0,0,0,0,253,0,0,0,0,0,1,1,0,1,0
0,0,0,0,0,0,0,1,0,73,0,1,0,0,0,1,1,0,1,0
0,0,0,0,0,0,0,0,0,118,0,0,0,0,0,0,1,0,0,0
0,0,0,0,0,0,0,1,0,27,0,1,0,0,0,0,0,0,0,0
0,0,0,0,0,0,0,0,0,0,1,0,0,0,0,0,1,1,0,0
0,0,0,1,0,0,0,0,0,2,0,0,0,0,0,0,1,0,0,0
0,0,0,0,0,0,0,0,0,13,0,0,0,0,0,1,0,0,0,0
0,0,0,0,0,0,0,1,0,193,0,0,0,0,0,0,1,0,1,0
0,0,0,0,0,0,0,0,0,101,0,0,0,0,0,1,0,0,1,0
0,0,0,0,0,0,0,1,0,204,0,0,0,0,0,0,1,0,1,0
0,0,0,0,0,0,0,1,1,194,0,1,0,0,0,1,1,0,0,0
0,0,0,0,0,0,0,1,1,1007,0,1,0,0,0,1,0,0,1,0
0,0,0,0,0,0,0,0,0,233,0,0,0,0,0,0,0,0,0,0
0,0,0,0,0,0,0,0,0,0,1,0,0,0,0,0,1,1,0,0
0,0,0,0,0,0,0,0,1,152,0,1,0,0,0,1,1,0,1,0
0,0,0,0,0,0,0,0,1,24,0,1,0,0,0,1,1,1,1,0
0,0,0,0,0,0,0,0,0,185,0,0,0,0,0,0,1,0,0,0
0,0,0,0,0,0,0,1,0,430,0,1,0,0,0,1,1,1,0,0
0,0,0,0,0,0,0,0,0,5,0,0,0,0,0,1,1,0,0,0
0,0,0,0,0,0,0,0,0,561,0,0,0,0,0,1,0,0,1,0
0,0,0,0,0,0,0,1,0,117,0,0,0,0,0,0,1,0,0,0
0,0,0,0,0,0,0,0,0,344,0,0,0,0,0,1,1,0,0,0
0,0,0,0,0,0,0,1,0,29,0,1,0,0,1,0,1,0,0,0
0,0,0,0,0,0,0,0,0,6,0,0,0,0,0,0,0,0,0,0
0,0,0,0,0,0,0,0,0,916,0,0,0,0,0,0,0,0,0,0
0,0,0,0,0,0,0,1,0,4,0,1,0,0,0,0,1,1,0,0
0,0,0,0,0,0,0,1,0,212,0,0,0,0,0,1,1,0,1,0
0,0,0,0,0,0,0,0,0,166,0,0,0,0,0,0,0,0,0,0
0,0,0,0,0,0,0,0,0,1,0,1,0,1,0,1,1,0,0,0
0,0,0,0,0,0,0,0,0,257,0,1,0,0,0,1,1,0,1,0
0,0,0,0,0,0,0,0,0,251,0,1,0,0,0,0,0,0,1,0
0,0,0,0,0,0,0,0,0,334,0,0,0,0,0,1,1,0,1,0
0,1,0,0,0,0,0,0,0,50,0,0,0,0,0,1,0,0,0,0
0,0,0,0,0,0,0,0,0,154,0,0,0,0,0,0,0,0,0,0
0,0,0,0,0,0,0,0,0,261,0,1,0,0,0,0,0,0,0,0
0,0,0,0,0,0,0,0,0,32,0,0,0,0,0,1,1,0,1,0
0,0,0,0,0,0,0,0,0,60,0,1,0,0,0,1,1,0,0,0
0,0,0,0,0,0,0,0,0,237,0,0,0,0,0,1,1,0,0,0
0,0,0,0,0,0,0,0,0,289,0,1,0,0,0,1,0,0,1,0
0,0,0,0,0,0,0,0,0,213,0,1,0,0,0,0,1,0,0,0
0,0,0,1,0,0,0,1,0,15,0,0,0,0,0,0,0,0,0,0
0,0,0,0,0,0,0,0,0,213,0,1,0,0,0,0,0,0,0,0
0,0,0,0,0,0,0,0,0,141,0,0,0,0,0,0,1,0,0,0
0,0,0,0,0,0,0,1,0,279,0,1,0,0,0,0,0,0,0,0
0,0,0,0,0,0,0,1,0,231,0,1,0,0,0,1,0,0,0,0
0,0,0,0,0,0,0,0,0,50,0,0,0,0,0,1,1,0,1,0
0,0,0,0,0,0,0,1,0,319,0,0,0,0,0,0,0,0,0,0
0,0,0,0,0,0,0,0,0,0,1,0,0,0,0,0,1,1,0,0
0,0,0,0,0,0,0,0,0,360,0,1,0,0,0,0,0,0,0,0
0,0,0,0,0,0,0,0,1,368,0,0,0,0,0,0,0,0,0,0
0,0,0,0,0,0,0,0,0,270,0,0,0,0,0,0,0,0,0,0
0,0,0,0,0,0,0,0,0,1,0,1,0,0,1,0,1,0,0,0
0,0,0,0,0,0,0,0,0,285,0,0,0,0,0,1,1,0,0,0
0,0,0,0,0,0,0,0,0,81,0,1,0,0,0,1,1,0,0,0
0,0,0,0,0,0,0,1,0,30,0,1,0,0,1,0,1,0,0,0
0,0,0,0,0,0,0,1,0,315,0,0,0,0,0,1,1,0,1,0
0,0,0,0,0,0,0,0,0,177,0,0,0,0,0,1,0,0,0,0
0,0,0,0,0,0,0,0,0,321,0,0,0,0,0,0,1,0,0,0
0,0,0,0,0,0,0,1,0,286,0,0,0,0,0,0,0,0,1,0
0,0,0,0,0,0,0,1,0,30,0,1,0,0,1,0,1,0,0,0
0,0,0,1,0,0,0,0,0,236,0,0,0,0,0,0,1,0,0,0
0,0,0,0,0,0,0,0,0,0,1,0,0,0,0,0,1,1,0,0
0,0,0,0,0,0,0,0,0,4,0,1,0,1,0,1,0,1,0,0
0,0,0,0,0,0,0,0,0,267,0,1,0,0,0,1,0,0,1,0
0,0,0,0,0,0,0,0,1,132,0,1,0,0,0,1,0,0,1,0
0,0,0,0,0,0,0,0,0,1,0,1,0,0,0,0,1,0,0,0
0,0,0,0,0,0,0,0,1,776,0,0,0,0,0,0,1,0,0,0
0,0,0,0,0,0,0,0,0,6,0,1,0,0,0,1,1,0,1,0
0,0,0,0,0,0,0,0,1,283,0,1,0,0,0,1,1,0,1,0
0,0,0,0,0,0,0,1,0,0,1,0,0,0,0,0,1,1,1,0
0,0,0,0,0,0,0,1,0,60,0,1,0,1,1,0,0,0,0,0
0,0,0,0,0,0,0,0,0,0,1,0,0,0,0,0,1,1,0,0
0,0,0,0,0,0,0,1,0,158,0,0,0,0,0,0,0,0,0,0
0,0,0,0,0,0,0,0,0,0,1,0,0,0,0,0,1,1,0,0
0,0,0,0,0,0,0,0,0,133,0,0,0,0,0,1,1,1,1,0
0,0,0,0,0,0,0,0,0,197,0,1,0,0,0,1,0,0,1,0
0,0,0,0,0,0,0,0,0,0,1,0,0,0,0,0,1,1,0,0
0,0,0,0,0,0,0,1,0,48,0,0,0,0,0,1,0,0,1,0
0,0,0,0,0,0,0,1,1,450,0,1,0,0,1,0,0,0,0,0
0,0,0,0,0,0,0,0,0,185,0,1,0,0,0,1,1,0,1,0
0,0,0,0,0,0,0,1,0,590,0,0,0,0,0,0,1,0,0,0
0,0,0,0,0,0,0,0,0,0,1,0,0,0,0,0,1,1,0,0
0,0,0,0,0,0,0,0,0,8,0,1,0,0,0,1,1,0,0,0
0,0,0,0,0,0,0,0,0,6,0,1,0,0,0,1,1,0,0,0
0,0,0,0,0,0,0,1,0,37,0,0,0,0,0,0,1,0,0,0
0,0,0,0,0,0,0,0,0,72,0,0,1,0,0,0,1,0,0,0
0,0,0,0,0,0,0,0,1,11,0,1,0,0,1,0,1,1,1,0
0,0,0,0,0,0,0,0,0,351,0,0,0,0,0,0,0,0,0,0
0,0,0,0,0,0,0,1,0,263,0,1,0,0,0,1,0,0,1,0
0,0,0,1,0,0,0,0,1,164,0,1,0,0,0,1,1,0,1,0
0,0,0,0,0,0,0,1,1,685,0,1,0,0,0,0,1,0,1,0
0,0,0,0,0,0,0,0,0,216,0,1,0,0,1,1,1,0,0,0
0,0,0,0,0,0,0,0,0,80,0,0,0,0,0,1,0,0,0,0
0,0,0,0,0,0,0,0,0,0,1,0,0,0,0,0,1,1,0,0
0,0,0,0,0,0,0,0,0,231,0,0,0,0,0,0,1,0,1,0
0,0,0,0,0,0,0,1,0,123,0,0,0,0,0,0,1,0,0,0
0,0,0,0,0,0,0,0,1,231,0,1,0,0,0,1,0,0,1,0
0,0,0,0,0,0,0,0,0,451,0,1,0,0,0,1,1,0,1,0
0,0,0,0,0,0,0,0,0,3,0,1,0,0,0,0,1,0,0,0
0,0,0,0,0,0,0,0,0,2,0,1,0,0,0,0,1,0,1,0
0,0,0,0,0,0,0,0,0,14,0,1,0,0,1,0,1,1,1,0
0,0,0,0,0,0,0,0,0,328,0,0,0,0,0,1,1,0,1,0
0,0,0,0,0,0,0,0,0,297,0,0,0,0,0,1,0,0,1,0
0,0,0,0,0,0,0,0,0,86,0,1,0,0,0,1,0,0,0,0
0,0,0,0,0,0,0,0,0,134,0,1,0,0,0,1,1,0,0,0
0,0,0,0,0,0,0,1,1,392,0,1,0,0,0,1,0,0,1,0
0,0,0,0,0,0,0,0,0,273,0,0,0,0,0,0,1,0,0,0
0,0,0,0,0,0,0,0,0,193,0,0,0,0,0,1,0,0,1,0
0,0,0,0,0,0,0,0,0,117,0,0,0,0,0,0,1,0,0,0
0,0,0,0,0,0,0,0,0,2,0,1,0,0,0,1,1,0,0,0
0,0,0,0,0,0,0,0,0,1,0,1,0,0,1,0,1,1,0,0
0,0,0,0,0,0,0,1,0,930,0,0,0,0,0,0,0,0,0,0
0,0,0,0,0,0,0,0,1,398,0,0,0,0,0,0,0,0,0,0
0,0,0,0,0,0,0,0,0,297,0,1,0,0,0,0,1,0,0,0
0,0,0,0,0,0,0,0,0,97,0,1,0,0,0,0,1,0,0,0
0,0,0,0,0,0,0,0,0,0,1,0,0,0,0,0,1,1,0,0
0,0,0,0,0,0,0,1,0,283,0,0,0,0,0,0,0,0,0,0
0,0,0,0,0,0,0,0,0,9,0,1,0,0,1,1,1,0,1,0
0,0,0,0,0,0,0,1,0,161,0,0,0,0,0,1,0,0,0,0
0,0,0,0,0,0,0,1,0,155,0,1,0,0,0,0,1,0,1,0
0,0,0,1,0,0,0,1,1,149,0,1,0,0,0,1,1,1,1,0
0,0,0,0,0,0,0,1,1,115,0,1,0,0,0,0,1,0,0,0
0,0,0,0,0,0,0,0,0,35,0,1,0,0,0,1,1,0,1,0
0,0,0,0,0,0,0,1,0,98,0,1,0,0,0,1,1,0,0,0
0,0,0,0,0,0,0,0,1,356,0,1,0,0,0,1,0,0,0,0
0,0,0,0,0,0,0,0,0,129,0,0,0,0,0,0,0,0,0,0
0,0,0,0,0,0,0,0,0,0,1,0,0,0,0,0,1,1,0,0
0,0,0,0,0,0,0,1,0,36,0,1,0,0,0,1,1,0,1,0
0,0,0,0,0,0,0,0,0,76,0,1,0,0,0,1,1,1,1,0
0,0,0,0,0,0,0,0,0,23,0,1,0,0,0,1,1,0,1,0
0,0,0,0,0,0,0,1,0,137,0,0,0,0,0,0,1,0,1,0
0,0,0,0,0,0,0,1,0,903,0,1,0,0,0,1,0,0,1,0
0,0,0,0,0,0,0,1,0,56,0,1,0,0,0,1,1,0,1,0
0,0,0,0,0,0,0,0,0,9,0,1,0,0,0,1,1,1,1,1
0,0,0,0,0,0,0,0,1,12,0,0,0,0,0,0,1,0,0,1
0,0,0,0,0,0,0,0,0,0,1,0,0,0,0,0,1,1,0,1
0,1,0,0,0,0,0,0,0,4,0,1,0,0,0,0,1,1,0,1
1,1,0,0,1,0,0,0,0,1,0,1,0,0,1,0,1,1,0,1
0,1,0,0,0,0,0,0,0,3,0,1,0,0,1,1,1,0,0,1
0,0,1,0,0,0,0,0,0,0,1,0,0,0,0,0,1,1,0,1
0,1,0,1,0,0,0,0,0,9,0,1,0,0,0,1,1,0,1,1
0,0,0,0,0,0,0,0,0,0,1,0,0,0,0,0,1,1,0,1
0,0,0,0,0,0,0,0,0,1,0,1,0,0,0,1,1,0,0,1
0,1,1,1,0,0,0,0,0,3,0,1,0,0,1,1,1,0,0,1
0,1,0,1,0,0,0,0,0,0,1,0,0,0,0,0,1,1,0,1
0,0,1,0,0,0,0,0,0,9,0,0,0,0,0,1,1,0,0,1
0,1,0,0,0,0,0,0,0,2,0,1,0,0,0,1,1,0,0,1
0,0,0,0,0,0,0,0,0,0,1,0,0,0,0,0,1,1,0,1
0,0,0,1,0,0,0,0,0,0,1,0,0,0,0,0,1,1,0,1
0,0,1,0,0,0,0,0,0,0,1,0,0,0,0,0,1,1,0,1
0,1,0,0,0,0,0,1,0,7,0,1,0,0,0,1,1,1,1,1
0,1,0,0,0,0,0,0,0,0,1,0,0,0,0,1,1,0,0,1
0,1,0,1,0,0,0,0,0,152,0,0,1,0,0,0,0,0,0,1
1,0,1,0,0,0,0,0,0,0,1,0,0,0,0,0,1,1,0,1
0,0,0,0,0,0,0,0,0,0,1,0,0,0,0,0,1,1,0,1
0,0,1,0,0,0,0,0,0,0,1,0,0,0,0,0,1,1,0,1
1,0,0,0,1,0,0,0,0,1,0,0,0,0,0,1,1,0,0,1
0,1,0,0,1,0,0,1,0,6,0,0,0,0,0,0,1,1,0,1
0,1,1,0,0,0,0,0,0,2,0,1,0,1,1,0,1,0,0,1
1,0,0,0,0,0,0,0,0,0,1,0,0,0,0,0,1,1,0,1
0,0,0,0,0,0,0,0,0,161,0,1,0,0,0,1,0,0,1,1
0,1,0,0,0,0,0,0,0,1,0,1,0,0,0,1,1,0,0,1
0,1,1,1,0,0,0,0,0,1,0,1,0,0,1,0,1,1,0,1
0,1,0,0,0,0,0,0,0,1,0,1,0,0,0,0,1,1,0,1
0,1,0,0,0,0,0,0,0,3,0,1,0,0,1,1,1,0,0,1
0,1,1,0,0,0,0,0,0,0,1,0,0,0,0,0,1,0,0,1
0,1,0,0,0,0,0,0,0,7,0,1,0,0,0,1,1,1,1,1
0,1,0,0,0,0,0,0,0,9,0,0,0,0,0,1,1,0,0,1
0,1,0,0,0,0,0,1,1,219,0,0,0,0,0,0,0,0,0,1
0,1,0,1,0,0,0,0,0,0,1,0,0,0,0,0,1,1,0,1
0,1,0,0,0,0,0,0,0,1,0,1,0,0,0,1,1,0,0,1
1,1,0,0,0,0,0,1,0,294,0,0,0,0,0,1,0,0,0,1
0,1,0,0,0,0,0,0,0,1,0,0,0,0,0,1,1,0,0,1
1,1,1,0,0,0,0,0,0,3,0,1,0,0,1,1,1,0,0,1
0,0,0,0,0,0,0,1,0,233,0,0,0,0,0,1,1,1,0,1
0,1,1,0,0,0,1,0,0,0,1,0,0,0,0,0,1,1,0,1
1,0,0,0,0,0,0,0,0,0,1,0,0,0,0,0,1,1,0,1
1,1,0,1,0,0,0,0,0,2,0,0,0,0,0,1,1,1,0,1
0,0,0,1,0,0,0,0,0,60,0,0,0,0,0,0,1,1,0,1
0,0,0,0,0,0,0,0,0,1,0,0,0,0,0,0,1,1,0,1
1,1,0,0,1,0,0,0,0,1,0,1,0,0,1,0,1,1,0,1
0,1,0,0,0,0,0,1,0,7,0,1,0,0,0,1,1,1,1,1
1,0,0,0,1,0,0,0,0,43,0,0,1,0,0,1,0,0,0,1
1,0,1,0,0,0,0,0,0,0,1,0,0,0,0,0,1,1,0,1
0,1,0,0,0,0,0,0,0,0,1,0,0,0,0,0,1,1,0,1
1,1,1,0,0,0,0,0,0,0,1,0,0,0,0,0,1,1,0,1
0,0,1,0,0,0,0,0,0,0,1,0,0,0,0,0,1,1,0,1
0,0,0,0,0,0,0,0,0,8,0,0,1,0,0,0,0,0,0,1
0,1,0,0,0,0,0,1,0,7,0,1,0,0,0,1,1,1,1,1
0,1,0,0,0,0,0,0,0,1,0,1,0,0,0,0,1,1,0,1
0,0,0,0,0,0,0,0,0,3,0,1,0,0,0,1,1,0,1,1
0,0,0,0,0,0,0,1,0,567,0,1,0,0,0,1,1,0,1,1
0,1,0,0,0,0,0,0,0,2,0,1,0,0,0,1,1,0,0,1
0,0,1,0,0,0,0,0,0,0,1,0,0,0,0,0,1,1,0,1
0,0,0,0,0,0,0,0,0,1,0,1,0,0,0,1,1,0,0,1
0,0,0,0,0,0,0,0,0,2,0,0,1,0,0,0,1,0,0,1
0,0,0,0,0,0,0,1,0,17,0,1,0,0,1,0,1,1,0,1
0,0,0,0,0,0,0,0,0,0,1,0,0,0,0,0,1,1,0,1
0,1,0,0,0,0,0,0,0,1,0,1,0,0,0,1,1,0,0,1
0,0,1,0,0,0,0,0,0,3,0,1,0,0,1,1,1,1,0,1
0,1,0,0,0,0,0,1,0,3,0,1,0,0,0,1,1,0,0,1
0,1,1,0,0,0,0,0,0,2,0,1,0,1,1,0,1,0,0,1
0,0,0,0,0,0,0,0,0,1,0,0,0,0,0,0,1,1,0,1
1,0,1,0,0,0,0,1,0,14,0,1,1,0,0,1,1,1,0,1
0,0,1,0,0,0,0,0,0,0,1,0,0,0,0,0,1,1,0,1
0,0,0,0,0,0,0,0,0,0,1,0,0,0,0,0,1,1,0,1
0,1,0,0,0,0,0,1,0,3,0,1,0,0,0,1,1,0,0,1
0,0,1,0,0,0,0,0,0,0,1,0,0,0,0,0,1,1,0,1
0,0,0,0,0,0,0,0,1,0,1,0,0,0,0,0,1,1,0,1
0,1,0,0,0,0,0,1,0,9,0,1,0,0,0,1,1,1,1,1
0,1,0,0,0,0,0,1,0,7,0,1,0,0,0,1,1,1,1,1
0,0,0,0,0,0,0,0,0,20,0,0,0,0,0,0,1,0,0,1
0,0,0,0,0,0,0,0,0,6,0,1,0,0,0,1,1,0,1,1
0,1,1,0,0,0,0,0,0,0,1,0,0,0,0,0,1,1,0,1
0,0,0,0,0,0,0,0,0,1,0,1,0,0,0,1,1,0,0,1
0,0,0,0,0,0,0,0,0,0,1,0,0,0,0,0,1,1,0,1
0,1,1,1,0,0,0,0,0,38,0,0,0,0,0,1,1,0,0,1
0,1,1,1,0,0,0,0,0,2,0,1,0,1,1,0,1,0,0,1
0,0,0,0,0,0,0,0,0,11,0,0,0,0,0,1,1,1,0,1
0,0,1,0,0,0,0,0,0,0,1,0,0,0,0,0,1,1,0,1
1,0,0,0,1,0,0,0,0,0,1,0,0,0,0,0,1,1,0,1
0,0,0,0,0,0,0,0,0,1,0,1,0,0,0,0,1,0,0,1
0,0,0,0,0,0,0,0,0,5,0,1,0,0,0,0,1,1,1,1
0,1,0,0,1,0,0,0,0,1,0,1,0,0,1,0,1,1,0,1
0,1,0,0,0,0,0,0,0,2,0,1,0,0,0,1,1,0,0,1
0,0,1,0,0,0,0,0,0,0,1,0,0,0,0,0,1,1,0,1
0,1,0,0,0,0,0,0,0,0,1,0,0,0,0,0,1,1,0,1
0,1,0,0,0,0,0,0,0,0,1,0,0,0,0,0,1,1,0,1
1,1,0,0,0,0,0,0,1,16,0,0,1,0,0,1,1,1,1,1
0,1,0,0,0,0,0,0,0,1,0,1,0,0,0,1,1,0,0,1
0,1,0,0,0,0,0,0,0,3,0,1,0,0,1,0,1,0,0,1
0,0,0,0,0,0,0,0,0,1,0,1,0,0,0,0,1,1,0,1
0,1,0,0,0,0,0,1,0,1,0,0,0,0,0,1,1,1,0,1
0,0,0,0,0,0,0,0,0,0,1,0,0,0,0,0,1,1,0,1
1,1,1,0,0,0,0,0,0,0,1,0,0,0,0,0,1,1,0,1
0,1,1,0,0,0,0,0,0,3,0,1,0,0,1,1,1,1,0,1
1,1,0,1,1,0,0,0,0,608,0,0,0,0,0,0,0,0,0,1
0,0,0,0,0,0,0,1,0,3,0,1,0,0,0,1,1,0,0,1
0,0,0,0,0,0,0,1,1,162,0,0,0,0,0,1,0,0,0,1
0,0,0,0,1,0,0,0,0,3,0,0,0,0,0,0,1,1,0,1
0,0,0,1,0,0,1,0,0,28,0,0,0,0,0,1,0,0,0,1
0,1,0,0,0,0,0,0,0,4,0,0,0,0,0,0,1,0,0,1
0,0,0,0,0,0,0,0,0,4,0,1,0,0,0,0,1,1,0,1
1,1,1,0,0,0,0,0,0,0,1,0,0,0,0,0,1,1,0,1
1,1,1,1,0,1,0,0,0,0,1,0,0,0,0,0,1,1,0,1
0,0,0,0,0,0,0,0,0,0,1,0,0,0,0,0,1,1,0,1
0,1,0,0,0,0,0,0,0,2,0,1,0,1,1,0,1,1,0,1
0,1,0,0,0,0,0,0,0,2,0,1,0,0,0,0,1,1,0,1
0,0,1,0,0,0,0,0,0,2,0,1,0,1,1,0,1,1,0,1
0,0,0,0,0,0,0,1,0,3,0,1,0,0,0,1,1,0,0,1
0,1,0,0,0,0,0,0,0,2,0,1,0,0,0,1,1,0,0,1
0,1,1,0,0,0,0,0,0,4,0,1,0,0,1,1,1,1,0,1
0,0,0,0,0,0,0,0,0,1,0,1,0,0,0,1,1,0,0,1
0,0,0,0,0,0,0,0,1,13,0,0,1,0,0,1,1,1,0,1
0,0,1,1,0,0,0,0,0,2,0,1,0,1,1,0,1,0,0,1
0,1,0,0,0,0,0,0,0,0,1,0,0,0,0,0,1,1,0,1
0,1,0,0,0,0,0,0,0,2,0,1,0,0,0,1,1,0,0,1
0,0,0,0,0,0,0,0,0,44,0,0,1,0,0,1,1,0,0,1
0,0,0,0,0,0,0,0,0,0,1,0,0,0,0,0,1,1,0,1
0,0,0,0,0,0,0,0,0,1,0,1,0,0,0,1,1,0,0,1
0,1,1,0,0,0,0,0,0,4,0,1,0,0,1,1,1,1,0,1
0,0,0,0,0,0,0,0,0,1,0,1,0,0,0,1,1,0,0,1
0,1,0,1,0,0,0,0,0,3,0,0,0,0,0,0,1,1,0,1
0,0,1,0,0,0,1,0,0,0,1,0,0,0,0,0,1,1,0,1
0,0,0,0,0,0,0,0,0,0,1,0,0,0,0,0,1,1,0,1
0,1,1,0,0,0,0,0,0,0,1,0,0,0,0,0,1,1,0,1
0,0,0,0,0,0,0,1,0,17,0,1,0,0,1,1,1,0,0,1
0,1,1,0,0,0,0,0,0,7,0,1,0,0,1,1,1,0,0,1
0,0,0,0,0,0,0,0,0,0,1,0,0,0,0,0,1,1,0,1
0,0,0,0,0,0,0,0,0,12,0,0,0,0,0,1,1,0,0,1
0,1,0,0,0,0,0,0,0,1,0,1,0,0,0,1,1,0,0,1
0,1,0,0,0,0,0,0,0,0,1,0,0,0,0,0,1,1,0,1
0,1,0,0,0,0,0,0,0,1,0,1,0,0,0,1,1,0,0,1
0,0,0,0,0,0,0,0,0,0,1,0,0,0,0,0,1,1,0,1
0,0,0,0,0,0,0,0,0,3,0,0,0,0,0,0,1,1,0,1
1,1,1,0,0,0,0,1,0,9,0,1,0,0,0,1,1,1,0,1
0,1,1,0,0,0,0,1,1,5,0,1,0,0,0,1,1,1,1,1
0,1,0,0,0,0,0,0,0,299,0,1,0,0,1,1,1,0,1,1
0,1,0,0,0,0,0,1,0,7,0,1,0,0,0,1,1,1,1,1
0,1,0,0,0,0,0,0,0,0,1,0,0,0,0,0,1,1,0,1
1,1,1,0,0,0,0,0,1,62,0,1,0,0,0,1,1,1,1,1
0,0,0,0,0,0,0,0,0,5,0,0,0,0,0,0,1,0,0,1
1,0,1,0,0,0,0,0,0,0,1,0,0,0,0,0,1,1,0,1
0,0,0,0,0,0,0,0,1,13,0,1,0,0,1,1,1,1,0,1
1,1,1,0,0,0,0,0,1,5,0,1,0,0,0,0,1,1,1,1
0,0,0,0,0,0,0,0,0,1,0,1,0,0,0,0,1,1,0,1
1,0,1,0,0,0,0,0,0,0,1,0,0,0,0,0,1,1,0,1
0,0,0,0,0,0,0,0,0,2,0,1,0,1,0,0,1,1,0,1
1,0,1,0,0,1,0,0,0,0,1,0,0,0,0,0,1,1,0,1
0,0,0,0,0,0,0,0,0,0,1,0,0,0,0,0,1,1,0,1
0,1,0,0,0,0,0,0,0,2,0,1,0,1,1,0,1,1,0,1
0,1,0,0,0,0,0,0,0,1,0,1,0,0,0,0,1,1,0,1
0,1,0,0,0,0,0,0,0,1,0,1,0,0,0,1,1,0,0,1
0,1,0,1,0,0,0,0,0,1,0,1,0,0,1,0,1,0,0,1
1,1,1,0,0,0,1,0,0,0,1,0,0,0,0,0,1,1,0,1
0,0,0,0,0,0,0,0,1,18,0,1,0,0,0,1,0,0,0,1
0,1,0,0,0,0,0,0,0,3,0,1,0,0,1,0,1,0,0,1
0,0,0,1,0,0,0,0,1,70,0,1,0,0,0,1,1,1,0,1
0,0,0,0,0,1,0,1,0,5,0,1,0,0,0,1,1,1,1,1
0,0,1,0,0,0,0,0,0,3,0,1,0,0,1,1,1,1,0,1
0,0,0,0,0,0,0,1,0,9,0,0,0,0,0,0,1,0,0,1
0,1,0,0,0,0,0,0,0,0,1,0,0,0,0,0,1,1,0,1
0,1,1,1,0,0,0,0,0,0,1,0,0,0,0,0,1,1,0,1
0,0,0,0,0,0,0,1,0,0,1,0,0,0,0,0,1,1,0,1
1,1,0,0,1,0,0,0,1,16,0,0,0,0,0,0,1,0,0,1
0,1,0,0,0,0,0,1,0,3,0,1,0,0,0,1,1,0,0,1
0,1,0,0,0,0,0,0,0,1,0,1,0,0,0,1,1,0,0,1
0,1,0,0,0,0,0,0,0,0,1,0,0,0,0,0,1,1,0,1
0,0,0,0,0,0,0,0,0,1,0,1,0,0,0,1,1,0,0,1
0,0,0,0,0,0,0,1,0,0,1,0,0,0,0,0,1,1,0,1
1,0,0,1,1,0,0,0,0,0,1,0,0,0,0,0,1,1,0,1
0,0,0,0,0,0,0,1,0,17,0,1,0,0,1,0,1,1,0,1
0,1,0,0,0,0,0,0,0,0,1,0,0,0,0,0,1,1,0,1
0,1,0,0,0,0,0,0,0,1,0,1,0,0,0,1,1,0,0,1
0,1,1,0,0,0,0,0,0,0,1,0,0,0,0,0,1,1,0,1
0,1,0,0,0,0,0,0,0,2,0,1,0,1,1,0,1,1,0,1
0,0,0,0,0,0,0,0,0,78,0,0,0,0,0,1,1,1,1,1
0,1,1,0,0,0,0,0,0,0,1,0,0,0,0,0,1,0,0,1
1,0,0,0,0,0,0,0,0,1,0,1,0,0,0,1,1,0,0,1
0,1,0,0,0,0,0,0,0,7,0,1,0,0,0,1,1,1,1,1
0,1,1,0,0,0,0,0,1,1,0,1,0,0,0,1,1,1,1,1
0,0,0,0,0,0,0,1,0,3,0,1,0,0,0,1,1,0,0,1
0,0,0,0,0,0,0,1,0,4,0,1,0,0,1,0,0,0,1,1
0,0,1,0,0,0,0,0,0,0,1,0,0,0,0,0,1,1,0,1
0,0,0,0,0,0,0,0,0,9,0,1,0,0,0,1,1,0,1,1
0,1,0,0,0,0,0,1,0,3,0,1,0,0,0,1,1,0,0,1
0,1,0,0,0,0,0,0,0,1,0,1,0,0,0,1,1,0,0,1
0,0,0,0,0,0,0,0,0,3,0,0,0,0,0,0,1,1,0,1
0,0,0,0,0,0,0,0,0,1,0,1,0,0,0,1,1,0,0,1
0,1,1,0,0,0,0,0,0,0,1,0,0,0,0,0,1,0,0,1
0,0,1,0,0,0,0,0,0,0,1,0,0,0,0,0,1,1,0,1
1,0,1,0,0,0,0,0,0,0,1,0,0,0,0,0,1,1,0,1
0,0,0,0,0,0,0,0,0,57,0,0,0,0,0,1,1,1,0,1
0,0,0,0,0,0,0,0,0,2,0,1,0,1,1,0,1,1,0,1
0,0,0,0,0,0,0,1,0,4,0,0,0,0,0,1,1,1,0,1
0,1,0,0,0,0,0,0,0,1,0,1,0,0,0,0,1,1,0,1
0,0,0,0,0,0,0,0,0,1,0,0,0,0,0,0,1,1,0,1
0,0,0,0,0,0,0,0,0,0,1,0,0,0,0,0,1,1,0,1
0,1,0,0,0,0,0,0,0,2,0,1,0,1,1,0,1,1,0,1
0,1,0,0,0,0,0,0,0,2,0,1,0,0,0,1,1,0,0,1
0,0,0,1,1,0,0,0,0,49,0,0,0,0,0,0,1,0,0,1
0,0,0,0,0,0,0,0,0,105,0,0,0,0,0,1,1,0,0,1
0,0,1,0,0,0,0,0,0,0,1,0,0,0,0,0,1,1,0,1
0,1,0,0,0,0,0,0,0,0,1,0,0,0,0,0,1,0,0,1
0,0,0,0,0,0,0,0,0,5,0,0,0,0,0,0,1,1,0,1
0,0,0,0,0,0,0,0,0,1,0,1,0,0,0,1,1,0,0,1
0,1,0,1,0,0,0,1,0,17,0,1,0,0,1,1,1,0,0,1
0,1,0,0,0,0,0,1,0,7,0,1,0,0,0,1,1,1,0,1
0,0,0,1,0,0,0,0,0,0,1,0,0,0,0,0,1,1,0,1
0,0,1,0,0,0,0,1,0,17,0,1,1,0,0,1,1,1,1,1
0,1,0,0,0,0,0,0,0,0,1,0,0,0,0,0,1,1,0,1
0,0,1,0,0,0,0,1,1,2,0,1,0,1,0,0,1,1,0,1
0,1,0,1,0,0,0,0,0,1,0,1,0,0,0,1,1,0,0,1
0,0,0,0,0,0,0,0,1,22,0,1,0,0,0,1,1,1,1,1
0,0,0,0,0,0,0,0,0,0,1,0,0,0,0,0,1,1,0,1
0,0,0,1,0,0,0,0,0,1,0,1,0,1,0,1,1,1,0,1
0,1,1,0,0,0,0,1,0,4,0,1,0,0,0,0,1,1,0,1
1,0,1,0,0,0,0,0,0,0,1,0,0,0,0,0,1,1,0,1
0,1,1,0,0,0,1,0,0,0,1,0,0,0,0,0,1,1,0,1
0,1,0,1,0,0,0,0,0,29,0,0,0,0,0,0,0,0,0,1
0,0,0,0,0,0,0,0,0,1,0,1,0,0,0,1,1,0,0,1
0,1,0,0,0,0,0,0,1,0,1,0,0,0,0,0,1,1,0,1
0,1,0,0,0,0,0,0,0,1,0,1,0,0,0,1,1,0,0,1
0,1,0,0,0,0,0,0,0,2,0,1,0,0,1,0,1,1,0,1
0,0,0,0,0,0,0,0,0,0,1,0,0,0,0,0,1,1,0,1
0,1,0,0,0,0,0,1,0,7,0,1,0,0,0,1,1,1,0,1
0,0,0,0,0,0,0,0,0,2,0,0,0,0,0,0,1,0,0,1
0,1,0,0,0,0,0,0,0,17,0,0,0,0,0,0,1,1,0,1
0,1,0,0,0,0,0,0,0,0,1,0,0,0,0,0,1,1,0,1
1,1,1,0,0,0,0,1,0,4,0,0,0,0,0,0,1,0,0,1
0,0,0,0,0,0,0,0,0,27,0,0,0,0,0,0,1,0,0,1
0,0,0,0,0,0,0,0,0,0,1,0,0,0,0,0,1,1,0,1
0,0,0,0,0,0,0,0,0,2,0,0,0,0,0,0,1,0,1,1
0,0,0,0,1,0,1,0,0,0,1,0,0,0,0,0,1,1,0,1
0,1,0,0,0,0,0,0,0,0,1,0,0,0,0,1,1,0,0,1
1,0,0,0,0,0,0,0,0,0,1,0,0,0,0,0,1,1,0,1
0,1,0,1,0,0,0,0,0,1,0,1,0,0,0,0,1,1,0,1
0,0,0,0,0,0,0,0,0,2,0,1,0,1,0,0,1,1,0,1
0,1,0,0,0,0,0,0,0,0,1,0,0,0,0,0,1,0,0,1
0,0,0,0,0,0,0,0,0,0,1,0,0,0,0,0,1,1,0,1
0,1,0,0,0,0,0,0,0,2,0,1,0,0,0,0,1,1,0,1
0,0,0,0,0,0,0,0,0,0,1,0,0,0,0,0,1,1,0,1
0,0,0,0,0,0,0,1,0,17,0,1,0,0,1,0,1,1,0,1
0,0,0,0,0,0,0,1,0,29,0,1,0,0,1,0,1,1,0,1
0,0,0,1,0,0,0,0,0,0,1,0,0,0,0,0,1,1,0,1
0,1,0,0,0,0,0,0,0,0,1,0,0,0,0,0,1,1,0,1
0,1,1,0,0,0,0,0,0,0,1,0,0,0,0,0,1,1,0,1
0,1,1,1,0,0,0,0,1,1,0,1,0,0,1,0,1,1,0,1
0,0,0,0,0,0,0,0,0,1,0,0,0,0,0,0,1,1,0,1
0,0,0,0,0,0,0,0,0,0,1,0,0,0,0,0,1,1,0,1
0,1,0,0,0,0,0,0,0,5,0,1,0,0,1,0,1,1,0,1
1,0,0,0,0,0,0,0,0,0,1,0,0,0,0,0,1,1,0,1
0,0,0,0,0,0,0,0,0,30,0,0,0,0,0,1,0,0,0,1
1,0,1,1,1,0,0,0,0,0,1,0,0,0,0,0,1,1,0,1
0,1,0,0,0,0,1,0,0,5,0,1,0,0,0,1,1,0,1,1
0,1,1,0,0,0,0,0,0,3,0,1,0,0,1,1,1,1,0,1
0,1,0,0,0,0,0,0,0,2,0,1,0,0,0,1,1,0,0,1
0,1,0,1,0,0,0,0,0,1,0,1,0,0,0,1,1,0,0,1
0,0,1,0,0,0,0,0,0,0,1,0,0,0,0,0,1,1,0,1
0,1,0,1,0,0,0,0,0,30,0,0,0,0,0,1,0,0,0,1
0,1,0,0,0,0,0,0,0,0,1,0,0,0,0,0,1,1,0,1
0,1,1,0,0,0,0,0,0,1,0,0,0,0,0,1,1,0,1,1
0,1,0,0,0,0,0,0,0,2,0,1,0,0,0,1,1,0,0,1
0,0,0,1,0,0,0,0,0,2,0,1,0,1,1,0,1,1,0,1
0,0,0,0,0,0,0,0,0,0,1,0,0,0,0,0,1,1,0,1
0,0,0,0,0,0,0,0,0,4,0,0,0,0,0,0,1,0,1,1
0,0,0,0,0,0,0,0,0,73,0,0,0,0,0,0,1,0,0,1
0,1,0,0,0,0,0,0,0,1,0,1,0,0,0,1,1,0,0,1
0,1,1,0,0,0,0,0,0,2,0,1,0,1,1,0,1,0,0,1
0,1,1,0,0,0,0,0,0,0,1,0,0,0,0,0,1,1,0,1
0,0,1,0,0,0,0,0,0,0,1,0,0,0,0,0,1,1,0,1
0,0,0,0,0,0,0,0,0,1,0,1,0,0,0,1,1,0,0,1
0,1,1,0,0,0,0,0,0,0,1,0,0,0,0,0,1,1,0,1
0,0,1,0,0,0,0,0,0,0,1,0,0,0,0,0,1,1,0,1
1,1,1,1,1,0,1,1,0,18,0,1,1,0,0,1,1,1,1,1
0,1,0,0,0,0,0,1,1,4,0,0,1,0,0,0,1,1,0,1
0,0,0,1,0,0,0,0,0,1,0,1,0,0,0,1,1,0,0,1
0,1,0,0,1,0,0,0,0,1,0,1,0,0,1,0,1,1,0,1
0,1,0,1,0,0,0,0,0,35,0,0,0,0,0,1,1,1,1,1
0,0,1,0,0,0,0,0,0,0,1,0,0,0,0,0,1,1,0,1
0,1,0,0,0,0,0,0,0,1,0,1,0,0,0,0,1,0,0,1
0,1,0,0,0,0,0,0,0,1,0,1,0,0,0,0,1,1,0,1
0,0,0,1,0,0,0,0,0,1,0,1,0,0,0,1,1,0,0,1
0,1,0,0,0,0,0,0,0,3,0,1,0,0,1,1,1,0,0,1
0,1,0,0,0,0,0,0,0,7,0,1,0,0,0,1,1,1,1,1
0,1,0,0,0,0,0,0,0,3,0,1,0,0,1,0,1,0,0,1
0,1,0,0,0,0,0,0,0,10,0,1,0,0,0,1,1,0,1,1
0,0,0,0,0,0,0,0,0,1,0,0,0,0,0,0,1,1,0,1
0,0,0,0,0,0,0,0,0,1,0,1,0,0,0,1,1,0,0,1
0,1,1,0,0,0,0,0,0,2,0,1,0,1,1,0,1,0,0,1
0,1,0,0,0,0,0,0,0,1,0,1,0,0,0,0,1,1,0,1
1,0,0,0,0,0,0,0,0,0,1,0,0,0,0,0,1,1,0,1
0,0,1,0,0,0,0,0,0,0,1,0,0,0,0,0,1,1,0,1
0,0,0,0,0,0,0,1,0,7,0,1,0,0,0,0,1,0,0,1
0,0,0,0,0,0,0,0,0,0,1,0,0,0,0,0,1,1,0,1
0,0,1,0,0,0,0,0,0,0,1,0,0,0,0,0,1,1,0,1
0,0,1,0,0,0,1,0,0,0,1,0,0,0,0,0,1,1,0,1
0,1,0,0,0,0,0,0,0,2,0,1,0,1,1,0,1,1,0,1
0,0,0,0,0,0,0,0,0,0,1,0,0,0,0,0,1,1,0,1
0,1,1,0,0,0,0,0,0,0,1,0,0,0,0,0,1,1,0,1
0,1,1,0,0,0,0,0,0,4,0,1,0,0,1,1,1,1,0,1
0,0,1,1,0,0,0,0,1,4,0,0,1,0,0,0,1,1,1,1
0,0,0,0,0,0,0,0,0,1,0,1,0,0,0,1,1,0,0,1
0,1,0,1,0,0,0,0,0,1,0,0,0,0,0,0,1,1,0,1
0,0,0,1,0,0,0,0,0,84,0,0,0,0,0,1,1,0,0,1
0,1,0,0,0,0,0,0,0,1,0,1,0,0,0,0,1,1,0,1
0,0,0,0,0,0,0,0,0,1,0,1,0,0,0,1,1,0,0,1
0,0,0,0,0,0,0,0,0,0,1,0,0,0,0,0,1,1,0,1
0,1,1,0,0,0,0,0,0,4,0,1,0,0,1,1,1,1,0,1
0,1,0,0,0,0,0,0,0,1,0,1,0,0,0,0,1,1,0,1
0,1,1,0,0,0,0,0,0,7,0,1,0,0,1,1,1,0,0,1
0,1,0,0,0,0,0,0,0,3,0,1,0,0,1,1,1,0,0,1
0,0,0,0,0,0,0,0,0,0,1,0,0,0,0,0,1,1,0,1
0,0,0,1,0,0,0,0,0,1,0,1,0,0,0,1,1,0,0,1
0,1,0,1,0,0,0,0,0,92,0,0,0,0,0,1,1,0,0,1
0,0,0,0,0,0,0,0,0,11,0,1,0,0,0,0,1,1,0,1
0,1,1,0,0,0,0,0,0,0,1,0,0,0,0,0,1,1,0,1
0,0,0,0,0,0,0,0,0,1,0,0,0,0,0,0,1,1,0,1
0,0,0,1,0,0,0,0,0,2,0,1,0,0,0,0,1,0,0,1
0,0,0,0,0,0,0,0,0,1,0,1,0,0,0,0,1,1,0,1
1,0,0,0,0,0,0,0,0,51,0,0,0,0,0,1,1,1,0,1
0,0,0,0,0,0,0,0,0,0,1,0,0,0,0,0,1,0,0,1
0,0,0,0,0,0,0,0,0,2,0,0,0,0,1,1,1,1,1,1
0,1,0,0,0,0,0,0,0,0,1,0,0,0,0,0,1,1,0,1
0,1,0,0,0,0,0,0,0,1,0,1,0,0,0,1,1,0,0,1
0,1,0,0,0,0,0,0,0,0,1,0,0,0,0,0,1,1,0,1
0,0,0,0,0,0,0,0,0,0,1,0,0,0,0,0,1,1,0,1
0,1,0,0,0,0,0,0,0,3,0,1,0,0,1,1,1,0,0,1
0,1,0,0,0,0,0,0,0,2,0,1,0,0,0,1,1,0,0,1
0,0,0,0,0,0,0,0,0,1,0,0,0,0,0,0,1,1,0,1
0,1,0,0,0,0,0,0,0,2,0,1,0,1,1,0,1,1,0,1
0,1,0,0,0,0,0,0,0,1,0,0,0,0,0,0,1,1,1,1
0,0,1,0,0,0,0,0,0,0,1,0,0,0,0,0,1,1,0,1
0,1,0,0,0,0,0,0,0,1,0,1,0,0,0,0,1,1,0,1
1,0,0,0,1,0,0,0,0,0,1,0,0,0,0,0,1,1,0,1
0,0,0,0,0,0,0,1,0,4,0,1,0,0,1,0,0,0,1,1
0,0,0,1,0,0,0,0,0,2,0,1,0,1,1,0,1,1,0,1
0,0,0,1,0,0,0,1,0,76,0,0,0,0,0,0,1,0,0,1
0,0,0,0,0,0,0,0,0,1,0,1,0,0,0,1,1,0,0,1
0,0,0,0,0,0,0,0,0,35,0,0,0,0,0,1,1,0,0,1
0,0,0,0,0,0,0,0,0,0,1,0,0,0,0,0,1,1,0,1
0,1,0,0,0,0,0,0,0,2,0,1,0,0,0,1,1,0,0,1
0,1,0,0,0,0,0,0,0,2,0,1,0,0,0,1,1,0,0,1
0,1,0,0,0,0,0,0,0,3,0,1,0,0,1,0,1,0,0,1
0,1,0,1,0,0,0,0,0,69,0,0,0,0,0,1,1,0,0,1
0,1,0,0,0,0,0,0,0,2,0,1,0,0,0,1,1,0,0,1
0,0,0,0,0,0,0,1,0,1,0,0,0,0,0,1,1,1,0,1
0,1,0,0,0,0,0,0,0,3,0,1,0,0,1,0,1,0,0,1
0,0,0,0,0,0,0,0,1,162,0,0,0,0,0,1,0,0,0,1
0,0,0,0,0,0,0,0,0,1,0,1,0,0,0,0,1,1,0,1
0,1,0,0,0,0,0,0,0,125,0,0,0,0,0,1,1,0,0,1
0,0,0,0,0,0,0,0,0,7,0,1,0,0,0,1,1,1,1,1
0,0,1,0,0,0,0,1,0,8,0,1,0,0,0,0,1,1,1,1
0,0,0,0,0,0,0,0,0,24,0,1,0,0,0,1,1,1,0,1
0,0,1,0,0,0,0,0,0,0,1,0,0,0,0,0,1,1,0,1
1,1,0,0,0,0,0,0,0,8,0,1,0,0,0,1,1,1,0,1
0,0,0,0,0,0,0,0,0,1,0,1,0,0,0,0,1,1,0,1
0,0,0,0,0,0,0,0,0,21,0,0,0,0,0,1,1,0,0,1
1,1,1,0,0,0,0,0,1,5,0,1,0,0,0,0,1,1,1,1
1,0,1,1,1,0,0,0,0,0,1,0,0,0,0,0,1,1,0,1
0,1,0,1,0,0,0,0,0,0,1,0,0,0,0,0,1,1,0,1
0,0,1,0,0,0,0,0,0,0,1,0,0,0,0,0,1,1,0,1
0,0,0,0,0,0,0,0,0,0,1,0,0,0,0,0,1,1,0,1
0,0,0,0,0,0,0,0,0,1,0,1,0,0,0,1,1,0,0,1
0,0,0,0,0,0,0,0,0,0,1,0,0,0,0,0,1,1,0,1
0,1,0,0,0,0,0,0,0,3,0,1,0,0,1,1,1,0,0,1
1,1,1,0,1,0,1,1,1,2,0,1,0,0,1,0,0,0,0,1
0,1,1,0,0,0,0,0,0,4,0,1,0,0,1,1,1,1,0,1
1,1,0,0,1,0,0,0,0,1,0,1,0,0,1,0,1,1,0,1
0,0,0,0,0,0,0,0,0,11,0,1,0,0,0,1,1,1,0,1
0,0,0,0,0,0,0,1,0,17,0,1,0,0,1,0,1,1,0,1
0,1,0,0,0,0,1,0,0,3,0,1,0,0,1,0,1,0,0,1
0,1,0,0,0,1,0,0,0,1,0,1,0,0,0,1,1,0,0,1
0,0,0,0,0,0,0,0,0,5,0,1,0,0,0,1,1,1,0,1
0,1,0,0,0,0,0,0,0,1,0,1,0,0,0,1,1,0,0,1
0,1,0,0,0,0,1,0,0,3,0,1,0,0,1,0,1,0,0,1
0,1,0,0,0,0,0,0,0,1,0,1,0,0,0,1,0,0,0,1
0,1,0,0,0,0,0,0,0,0,1,0,0,0,0,0,1,1,0,1
0,1,1,0,0,0,0,0,0,7,0,1,0,0,1,1,1,0,0,1
0,0,1,0,0,0,0,0,0,0,1,0,0,0,0,0,1,1,0,1
0,1,0,0,0,0,0,1,0,7,0,1,0,0,0,1,1,1,1,1
0,1,0,0,0,0,1,1,0,3,0,1,0,0,0,1,1,0,0,1
0,0,0,0,0,0,0,1,0,1,0,0,0,0,0,1,1,1,0,1
0,1,1,0,0,0,0,0,0,0,1,0,0,0,0,0,1,0,0,1
0,0,0,0,0,0,0,0,0,4,0,1,0,0,1,0,1,0,1,1
0,1,0,0,0,0,0,0,0,3,0,0,0,0,0,0,1,1,0,1
0,0,0,0,0,0,0,0,0,1,0,0,0,0,0,0,1,1,0,1
0,1,0,0,1,0,0,0,0,1,0,1,0,0,1,0,1,1,0,1
0,0,0,0,0,0,0,0,0,1,0,0,0,0,0,0,1,0,0,1
0,1,0,0,0,0,0,0,0,1,0,1,0,0,0,0,1,1,0,1
0,0,0,0,0,0,0,0,0,0,1,0,0,0,0,0,1,1,0,1
1,0,1,1,0,0,0,0,0,0,1,0,0,0,0,0,1,1,0,1
0,1,0,0,0,0,1,0,0,0,1,0,0,0,0,0,1,1,0,1
0,0,0,0,0,0,0,0,0,3,0,1,0,0,0,0,1,0,0,1
0,1,0,0,0,0,0,0,0,9,0,1,0,0,0,1,1,0,1,1
0,1,1,0,0,0,0,0,0,0,1,0,0,0,0,0,1,1,0,1
0,1,0,0,0,0,0,0,0,1,0,1,0,0,0,1,1,0,0,1
0,1,0,0,0,0,0,0,1,260,0,1,0,0,0,1,1,0,1,1
0,0,0,0,0,0,0,0,0,3,0,1,0,0,0,1,1,0,0,1
0,1,1,0,0,0,0,1,0,4,0,1,0,0,0,0,1,1,0,1
0,0,0,0,0,0,0,0,0,32,0,0,0,0,0,1,1,1,0,1
0,0,0,0,0,0,0,0,0,1,0,0,0,0,0,0,1,1,0,1
0,1,0,0,0,0,0,0,0,2,0,1,0,0,0,1,1,0,0,1
0,1,1,0,0,0,0,0,0,0,1,0,0,0,0,0,1,1,0,1
0,0,1,0,0,0,0,0,0,1,0,1,0,0,0,1,1,1,0,1
0,0,0,0,0,0,0,1,1,13,0,1,0,0,0,1,1,1,0,1
0,0,0,0,0,0,0,0,0,6,0,1,0,0,1,1,1,0,1,1
0,0,0,1,0,0,0,0,0,1,0,1,0,0,0,0,1,1,0,1
1,0,1,0,0,0,0,0,0,0,1,0,0,0,0,0,1,1,0,1
0,0,0,0,0,0,0,0,0,1,0,0,0,0,0,0,1,1,0,1
0,0,0,0,0,0,0,1,0,7,0,1,0,0,0,0,0,0,0,1
1,1,1,0,1,0,0,0,0,1,0,0,0,0,0,0,1,1,0,1
0,0,0,0,0,0,0,1,0,3,0,1,0,0,0,1,1,0,0,1
0,0,0,0,0,0,0,0,0,1,0,1,0,0,0,0,1,1,0,1
0,0,0,0,0,0,0,0,0,3,0,1,0,0,0,0,1,0,0,1
0,0,0,0,0,0,0,0,0,1,0,1,0,0,0,1,1,0,0,1
0,1,0,0,1,0,0,0,0,1,0,1,0,0,1,0,1,1,0,1
0,0,1,1,0,0,0,0,1,4,0,0,1,0,0,0,1,1,1,1
0,1,0,0,0,0,0,0,0,3,0,1,0,0,1,0,1,0,0,1
0,1,0,0,0,0,0,0,0,0,1,0,0,0,0,0,1,1,0,1
0,0,1,0,0,0,0,0,0,0,1,0,0,0,0,0,1,1,0,1
0,1,0,1,0,0,1,0,0,7,0,0,1,0,0,0,1,1,0,1
0,0,0,0,0,0,0,0,0,0,1,0,0,0,0,0,1,1,0,1
0,0,0,0,0,0,0,0,0,1,0,1,0,0,0,0,1,1,0,1
1,1,1,1,0,0,0,1,0,1,0,0,0,0,0,1,1,1,0,1
0,0,0,0,0,0,0,0,0,13,0,0,0,0,0,0,1,1,1,1
0,0,0,0,0,0,0,0,0,25,0,0,0,0,0,1,0,0,0,1
0,1,0,0,0,0,0,0,0,3,0,1,0,0,1,0,1,0,0,1
0,0,0,0,0,0,0,0,0,0,1,0,0,0,0,0,1,1,0,1
0,0,0,0,0,0,0,0,0,115,0,0,0,0,0,1,0,1,1,1
0,0,0,0,1,0,0,0,0,3,0,0,0,0,0,0,1,1,0,1
0,1,0,0,0,0,0,1,0,7,0,1,0,0,0,1,1,0,0,1
0,1,1,1,0,0,0,0,0,0,1,0,0,0,0,0,1,1,0,1
0,0,0,0,0,0,0,0,0,1,0,1,0,0,0,1,1,0,0,1
0,0,0,0,0,0,0,0,0,2,0,0,0,0,0,0,1,0,0,1
0,0,0,0,0,0,0,0,0,0,1,0,0,0,0,0,1,1,0,1
0,0,0,0,0,0,0,0,0,1,0,1,0,0,0,1,1,0,0,1
0,0,0,0,0,0,0,0,0,1,0,0,0,0,0,0,1,1,0,1
0,1,0,0,0,0,0,0,0,0,1,0,0,0,0,0,1,1,0,1
0,1,0,0,0,0,0,0,0,1,0,1,0,0,0,0,1,1,0,1
0,1,0,0,0,0,0,0,0,0,1,0,0,0,0,0,1,1,1,1
0,1,0,1,0,0,0,0,1,36,0,1,0,0,0,1,0,0,1,1
0,0,1,0,0,0,0,0,0,0,1,0,0,0,0,0,1,1,0,1
0,1,0,0,0,0,0,0,0,0,1,0,0,0,0,0,1,1,0,1
0,0,0,0,0,0,0,0,0,86,0,0,0,0,0,1,1,0,0,1
0,0,0,0,0,0,1,1,0,17,0,1,0,0,1,0,1,1,0,1
1,0,0,0,1,0,0,0,0,0,1,0,0,0,0,0,1,1,0,1
0,0,0,0,0,0,0,0,0,5,0,0,0,0,0,0,1,0,0,1
0,1,0,0,0,0,0,1,1,145,0,1,0,0,0,1,1,0,1,1
0,0,0,0,0,0,0,0,0,1,0,1,0,0,0,1,1,0,0,1
0,1,0,0,0,0,0,0,0,1,0,1,0,0,0,1,1,0,0,1
0,0,1,0,0,0,0,0,0,3,0,1,0,0,1,0,1,0,1,1
1,0,1,0,0,0,0,0,0,0,1,0,0,0,0,0,1,1,0,1
0,1,0,0,0,0,0,0,0,3,0,1,0,0,1,0,1,0,0,1
0,1,0,0,0,0,0,0,0,1,0,1,0,0,0,1,1,0,0,1
0,1,0,0,0,0,0,0,1,18,0,1,0,0,0,1,0,0,1,1
0,1,0,0,0,0,1,1,1,2,0,1,0,0,1,0,0,0,0,1
0,0,1,0,0,0,0,0,0,0,1,0,0,0,0,0,1,1,0,1
1,1,1,0,0,0,0,0,0,2,0,1,0,1,1,0,1,1,0,1
0,0,0,0,0,0,0,0,0,1,0,0,0,0,0,0,1,1,0,1
0,1,0,0,0,0,0,0,0,3,0,1,0,0,1,1,1,0,0,1
1,1,1,0,0,0,0,0,0,0,1,0,0,0,0,0,1,1,0,1
0,1,1,0,0,0,0,0,0,1,0,1,0,0,0,0,1,1,0,1
0,0,0,0,0,0,0,0,0,0,1,0,0,0,0,0,1,1,0,1
0,0,0,0,0,0,0,0,0,9,0,1,0,0,0,1,1,0,1,1
0,1,1,0,0,0,0,1,1,7,0,1,0,0,0,0,1,1,1,1
1,1,0,1,0,0,0,0,0,0,1,0,0,0,0,0,1,1,0,1
0,0,0,0,0,0,0,0,0,0,1,0,0,0,0,0,1,1,0,1
0,1,1,0,0,0,0,0,0,0,1,0,0,0,0,0,1,1,0,1
0,0,0,0,0,0,0,0,0,1,0,0,0,0,0,0,1,1,0,1
0,0,0,0,0,0,0,0,0,62,0,0,0,0,0,1,0,1,0,1
0,0,1,0,0,0,0,1,1,10,0,1,0,0,0,1,1,1,1,1
0,1,0,0,0,0,0,0,0,3,0,1,0,0,1,1,1,0,0,1
0,0,0,1,0,0,0,0,0,32,0,0,0,0,0,1,1,0,0,1
0,0,1,0,0,0,0,0,0,0,1,0,0,0,0,0,1,1,0,1
1,0,1,0,0,0,0,0,0,0,1,0,0,0,0,0,1,1,0,1
0,0,0,0,0,0,0,0,0,0,1,0,0,0,0,0,1,1,0,1
0,0,0,0,0,0,0,0,0,1,0,0,0,0,0,0,1,1,0,1
0,1,0,0,0,0,0,1,0,1,0,0,0,0,0,1,1,1,0,1
0,0,1,0,0,0,0,0,0,0,1,0,0,0,0,0,1,1,0,1
0,1,0,1,0,0,0,0,1,1,0,1,0,0,1,0,1,1,0,1
0,1,1,0,0,0,0,1,0,20,0,1,0,0,1,1,1,1,0,1
1,0,1,0,0,0,0,0,0,0,1,0,0,0,0,0,1,1,0,1
0,0,0,0,0,0,0,1,0,1,0,0,0,0,0,1,1,1,0,1
0,1,0,0,0,0,0,1,0,6,0,1,0,0,0,1,1,1,0,1
0,0,0,0,0,0,0,0,0,13,0,0,0,0,0,0,1,1,1,1
0,0,0,0,0,0,0,0,0,12,0,1,0,0,1,1,1,1,0,1
0,0,1,0,0,0,0,0,0,0,1,0,0,0,0,0,1,1,0,1
0,0,1,0,0,0,0,0,0,0,1,0,0,0,0,0,1,1,0,1
0,0,0,0,0,0,0,0,0,0,1,0,0,0,0,0,1,1,0,1
0,0,0,0,0,0,0,0,0,17,0,1,0,0,0,0,0,0,0,1
0,0,0,0,0,0,0,0,0,0,1,0,0,0,0,0,1,1,0,1
0,1,1,0,0,0,0,0,0,3,0,1,0,0,1,1,1,1,0,1
0,1,0,0,0,0,0,0,0,1,0,1,0,0,0,1,1,0,0,1
0,0,1,0,0,0,0,0,0,0,1,0,0,0,0,0,1,1,0,1
0,1,0,0,0,0,0,0,0,0,1,0,0,0,0,0,1,1,0,1
0,1,0,0,0,0,0,0,0,0,1,0,0,0,0,0,1,1,0,1
0,1,0,0,0,0,0,0,0,3,0,0,0,0,0,0,1,1,0,1
0,1,0,1,0,0,0,0,0,0,1,0,0,0,0,0,1,1,0,1
0,1,0,0,0,0,0,0,0,1,0,1,0,0,0,1,1,0,0,1
0,0,1,0,0,0,0,0,0,0,1,0,0,0,0,0,1,1,0,1
0,0,0,0,0,0,0,0,0,0,1,0,0,0,0,0,1,1,0,1
0,1,1,0,0,0,0,1,0,4,0,1,0,0,0,0,1,1,0,1
1,1,0,0,1,0,0,0,0,1,0,1,0,0,1,0,1,1,0,1
0,1,1,1,0,0,0,0,0,2,0,0,1,0,0,0,1,0,0,1
0,0,0,0,0,0,0,0,0,2,0,1,0,0,0,0,1,0,0,1
0,1,0,0,0,0,0,0,0,2,0,0,0,0,0,0,1,0,0,1
1,1,1,0,0,0,0,0,0,0,1,0,0,0,0,0,1,1,0,1
0,1,0,0,0,0,0,0,0,5,0,1,0,0,0,0,1,1,0,1
0,1,0,0,0,0,0,1,0,3,0,1,0,0,0,1,1,0,0,1
0,0,0,0,0,0,0,1,0,7,0,1,0,0,0,0,1,0,0,1
0,0,0,0,0,0,0,0,0,1,0,1,0,0,1,0,1,1,0,1
0,0,0,0,0,0,0,0,0,0,1,0,0,0,0,0,1,1,0,1
0,1,0,0,0,0,0,0,0,0,1,0,0,0,0,0,1,1,0,1
0,0,1,0,0,0,0,0,0,0,1,0,0,0,0,0,1,1,0,1
0,0,0,1,0,0,0,0,0,1,0,1,0,0,0,1,1,0,0,1
0,0,0,0,0,0,0,0,0,6,0,1,0,0,1,1,1,0,1,1
1,1,0,0,0,0,0,0,0,0,1,0,0,0,0,0,1,1,0,1
0,1,0,1,0,0,0,0,0,0,1,0,0,0,0,0,1,1,0,1
0,0,0,0,0,0,0,0,0,3,0,0,0,0,0,0,1,1,0,1
0,0,0,0,0,0,0,1,0,3,0,1,0,0,0,1,1,0,0,1
0,0,0,0,0,0,0,0,0,0,1,0,0,0,0,0,1,1,0,1
0,0,0,0,0,0,0,0,0,18,0,1,0,0,0,0,1,1,0,1
1,1,1,0,0,0,0,0,0,0,1,0,0,0,0,0,1,1,0,1
0,1,0,0,0,0,0,1,0,3,0,1,0,0,0,1,1,0,0,1
0,0,0,0,0,0,0,0,0,1,0,0,0,0,0,0,1,1,0,1
0,1,0,0,0,0,0,0,0,3,0,1,0,0,1,1,1,0,0,1
0,0,0,0,0,0,0,0,1,495,0,0,0,0,0,1,1,0,0,1
0,0,0,0,0,0,0,0,0,1,0,1,0,0,1,0,1,1,0,1
0,0,1,0,0,0,0,0,0,0,1,0,0,0,0,0,1,1,0,1
1,1,1,0,0,0,0,0,0,1,0,0,1,0,0,0,1,1,0,1
0,1,1,0,0,0,0,0,0,1,0,1,0,0,0,0,1,1,0,1
0,0,0,0,0,0,0,0,0,0,1,0,0,0,0,0,1,1,0,1
0,0,0,0,0,0,0,0,0,1,0,1,0,0,0,0,1,1,0,1
0,0,1,0,0,0,0,0,0,0,1,0,0,0,0,0,1,1,0,1
1,0,0,0,1,0,0,0,0,0,1,0,0,0,0,0,1,1,0,1
0,1,1,0,0,0,0,0,0,0,1,0,0,0,0,0,1,0,0,1
0,1,0,0,0,0,0,0,0,1,0,1,0,0,0,0,1,1,0,1
0,0,1,0,0,0,0,0,0,17,0,0,0,0,0,1,1,1,0,1
0,0,0,0,0,0,0,0,0,0,1,0,0,0,0,0,1,1,0,1
1,0,1,0,0,0,0,0,0,0,1,0,0,0,0,0,1,1,0,1
1,0,0,1,0,0,0,0,1,240,0,0,0,0,0,0,1,1,0,1
0,0,0,1,0,0,0,1,0,1,0,0,0,0,0,1,1,1,0,1
0,0,0,0,0,0,0,0,0,47,0,0,0,0,0,1,1,0,0,1
1,0,0,0,0,0,0,0,0,0,1,0,0,0,0,0,1,1,0,1
0,0,0,0,0,0,0,0,0,0,1,0,0,0,0,0,1,1,0,1
0,0,0,0,0,0,0,0,0,1,0,1,0,0,0,1,1,0,0,1
0,0,0,0,0,0,0,0,0,1,0,0,0,0,0,0,1,1,0,1
0,0,1,0,0,0,0,1,0,96,0,1,0,0,0,0,0,0,0,1
0,1,0,0,0,0,0,0,0,39,0,0,1,0,0,1,1,1,0,1
0,0,0,0,0,0,0,0,0,0,1,0,0,0,0,0,1,1,0,1
1,1,0,1,1,0,0,0,0,0,1,0,0,0,0,0,1,1,0,1
0,0,0,0,0,0,0,0,0,1,0,1,0,0,0,1,1,0,0,1
1,0,1,0,0,0,0,0,0,0,1,0,0,0,0,0,1,1,0,1
0,0,1,0,0,0,0,0,0,0,1,0,0,0,0,0,1,1,0,1
0,0,0,0,0,0,0,0,0,1,0,0,0,0,0,0,1,1,0,1
0,0,1,1,0,0,0,0,1,4,0,0,1,0,0,0,1,1,1,1
0,1,0,0,0,0,0,0,0,7,0,1,0,0,0,1,1,1,1,1
1,1,1,0,0,0,0,1,0,4,0,0,0,0,0,0,1,0,0,1
0,0,1,0,0,0,0,0,0,0,1,0,0,0,0,0,1,1,0,1
1,0,0,0,0,0,0,0,0,0,1,0,0,0,0,0,1,1,0,1
0,1,0,0,0,0,0,0,0,0,1,0,0,0,0,0,1,1,0,1
0,0,1,0,0,0,0,0,0,0,1,0,0,0,0,0,1,1,0,1
1,0,0,0,0,0,0,0,0,8,0,0,0,0,0,0,1,1,0,1
0,0,0,0,0,0,0,0,0,1,0,0,0,0,0,0,1,1,0,1
0,1,0,0,0,0,0,0,0,1,0,1,0,0,0,1,1,0,0,1
0,0,0,0,0,0,0,0,0,13,0,0,0,0,0,0,1,1,0,1
0,0,0,1,1,0,0,0,1,12,0,1,0,0,1,0,1,0,1,1
1,0,0,0,0,0,0,0,0,0,1,0,0,0,0,0,1,1,0,1
0,0,0,0,0,0,0,0,0,1,0,1,0,0,0,1,1,1,1,1
0,1,0,0,0,0,0,0,0,1,0,1,0,0,0,0,1,1,0,1
0,0,0,0,0,0,0,0,0,4,0,1,0,0,0,1,1,0,0,1
0,1,1,0,0,0,0,0,0,0,1,0,0,0,0,0,1,0,0,1
0,0,0,0,0,0,0,0,0,40,0,0,0,0,0,1,1,1,1,1
0,1,0,0,0,0,0,0,0,1,0,1,0,0,0,1,1,0,0,1
0,1,0,0,0,0,0,0,0,43,0,1,0,0,0,1,1,1,0,1
0,0,0,0,0,0,0,0,0,153,0,1,0,0,0,1,0,0,1,1
1,0,0,0,0,0,0,0,0,0,1,0,0,0,0,0,1,1,0,1
0,0,0,0,0,0,1,0,0,0,1,0,0,0,0,0,1,1,0,1
0,0,0,0,0,0,0,1,0,17,0,1,0,0,1,1,1,0,0,1
0,0,0,0,0,0,0,0,0,0,1,0,0,0,0,0,1,1,0,1
0,0,0,0,1,0,0,0,0,3,0,0,0,0,0,0,1,1,0,1
0,1,0,0,0,0,0,0,0,0,1,0,0,0,0,0,1,1,0,1
0,0,0,0,0,0,0,0,0,1,0,0,0,0,0,0,1,1,0,1
0,0,0,0,0,0,0,0,0,0,1,0,0,0,0,0,1,1,0,1
0,1,1,0,0,0,0,0,0,3,0,1,0,0,1,1,1,1,0,1
0,1,0,0,0,0,0,1,0,4,0,1,0,0,0,0,1,1,0,1
0,0,0,0,0,0,0,0,0,0,1,0,0,0,0,0,1,1,0,1
0,1,0,0,0,0,0,0,0,2,0,1,0,0,0,1,1,0,0,1
1,0,0,0,0,0,0,0,0,0,1,0,0,0,0,0,1,1,0,1
0,0,0,0,0,0,0,0,0,4,0,1,0,0,1,0,1,0,1,1
0,0,0,0,0,0,0,0,0,1,0,0,1,0,0,1,1,1,0,1
0,0,0,0,0,0,0,0,0,22,0,1,0,0,0,1,0,0,1,1
0,0,0,0,0,0,0,1,1,12,0,0,1,0,0,0,1,1,1,1
0,1,0,1,0,0,0,0,0,109,0,0,0,0,0,1,0,0,0,1
0,0,0,0,0,0,0,0,0,0,1,0,0,0,0,0,1,1,0,1
0,1,0,0,0,0,0,0,0,1,0,1,0,0,0,1,1,0,0,1
0,1,0,0,0,0,0,1,0,3,0,1,0,0,0,1,1,0,0,1
0,0,0,1,0,0,0,0,0,1,0,1,0,0,0,1,1,0,0,1
1,1,1,0,0,1,1,0,0,1,0,1,0,1,0,0,1,1,0,1
0,1,1,1,0,0,0,0,0,31,0,0,0,0,0,1,1,0,0,1
1,1,0,0,0,0,0,0,0,1,0,1,0,0,0,0,1,1,0,1
0,1,0,0,0,0,0,0,0,1,0,1,0,0,0,1,1,0,0,1
0,0,0,0,0,0,0,0,1,2,0,0,1,0,0,1,1,1,0,1
0,1,0,0,0,0,0,0,0,1,0,1,0,0,0,1,1,0,0,1
0,0,1,0,0,0,0,1,0,15,0,1,0,0,1,1,1,0,0,1
0,1,0,0,0,0,0,0,0,2,0,0,0,0,1,0,1,1,1,1
0,1,0,0,0,0,0,0,0,0,1,0,0,0,0,0,1,1,0,1
0,1,0,0,0,0,0,0,1,56,0,0,0,0,0,1,0,0,0,1
1,1,1,0,0,0,0,0,1,1,0,0,1,0,0,0,1,1,0,1
0,1,1,0,0,0,1,0,0,2,0,0,0,0,0,0,1,0,0,1
0,0,0,0,0,0,0,0,0,0,1,0,0,0,0,0,1,1,0,1
0,1,0,0,0,0,0,0,0,3,0,1,0,0,1,1,1,0,0,1
0,0,1,0,0,0,0,1,1,8,0,1,0,0,0,1,1,1,0,1
0,0,0,0,0,0,0,0,0,4,0,0,0,0,0,0,1,1,0,1
0,0,0,0,0,0,0,0,0,39,0,0,0,0,0,1,0,0,0,1
0,0,0,0,0,0,0,0,0,2,0,0,0,0,0,0,1,0,0,1
0,1,1,1,1,0,0,0,0,0,1,0,0,0,0,0,1,1,0,1
0,0,0,0,0,0,0,0,0,1,0,1,0,0,0,0,1,0,0,1
0,0,0,0,0,0,0,0,0,1,0,0,0,0,0,0,1,1,0,1
0,0,0,0,0,0,0,0,0,1,0,1,0,0,0,0,1,1,0,1
1,1,1,0,1,0,0,0,0,0,1,0,0,0,0,0,1,1,0,1
0,0,0,0,0,0,0,0,0,0,1,0,0,0,0,0,1,1,0,1
0,0,0,0,0,0,0,0,0,8,0,1,0,1,1,0,1,1,1,1
1,0,0,0,1,0,0,0,0,0,1,0,0,0,0,0,1,1,0,1
0,0,0,0,0,0,0,0,0,0,1,0,0,0,0,0,1,1,0,1
0,0,0,1,0,0,0,0,0,1,0,0,0,0,0,0,1,1,0,1
0,0,0,0,0,0,0,0,1,70,0,1,0,0,0,1,1,1,0,1
0,0,0,0,0,0,0,0,0,0,1,0,0,0,0,0,1,1,0,1
0,1,0,0,0,0,0,0,0,3,0,1,0,0,1,0,1,0,0,1
0,1,0,0,0,0,0,0,0,18,0,1,0,0,0,0,1,0,0,1
0,0,0,0,0,0,0,0,0,0,1,0,0,0,0,0,1,1,0,1
0,1,1,1,0,0,0,0,0,0,1,0,0,0,0,0,1,1,0,1
0,1,0,0,0,0,0,0,0,7,0,1,0,0,0,1,1,1,1,1
0,0,0,0,0,0,0,0,0,3,0,1,0,0,0,0,1,1,1,1
0,1,0,0,0,0,0,0,0,0,1,0,0,0,0,0,1,1,0,1
0,1,1,0,0,0,0,0,0,2,0,1,0,1,1,0,1,0,0,1
0,1,0,0,0,0,0,0,0,0,1,0,0,0,0,0,1,1,0,1
0,1,0,0,0,0,0,0,0,1,0,1,0,0,0,1,1,0,0,1
0,0,0,0,0,0,0,0,0,1,0,1,0,0,0,1,1,0,0,1
0,0,0,0,1,0,0,0,0,3,0,1,0,0,1,1,1,0,0,1
0,0,1,0,0,0,0,0,0,0,1,0,0,0,0,0,1,1,0,1
1,1,1,1,0,1,0,0,0,0,1,0,0,0,0,0,1,1,0,1
1,0,1,1,0,0,0,1,0,4,0,0,0,0,0,0,0,0,0,1
0,0,0,0,0,0,0,0,0,3,0,1,0,0,0,1,1,1,0,1
0,0,0,0,0,0,0,1,0,79,0,1,0,0,0,1,1,1,1,1
0,0,1,0,0,0,0,0,0,0,1,0,0,0,0,0,1,1,0,1
0,0,1,0,0,0,0,0,0,102,0,0,0,0,0,1,0,0,0,1
0,0,0,0,0,0,0,0,0,1,0,0,0,0,0,0,1,1,0,1
1,0,0,0,1,0,0,0,0,0,1,0,0,0,0,0,1,1,0,1
0,0,0,0,0,0,0,0,0,2,0,0,0,0,0,0,1,0,0,1
0,0,0,0,0,0,0,0,0,1,0,0,0,0,0,0,1,1,0,1
0,0,0,0,0,0,0,0,0,45,0,1,0,0,0,0,1,1,0,1
0,1,0,0,0,0,0,0,0,2,0,1,0,1,1,0,1,1,0,1
0,1,1,1,0,0,0,0,0,147,0,0,1,0,0,0,1,1,0,1
0,0,0,0,0,0,0,0,0,1,0,1,0,0,0,1,1,0,0,1
0,1,0,0,0,0,0,0,0,1,0,1,0,0,0,1,1,0,0,1
0,0,0,0,0,0,0,0,0,0,1,0,0,0,0,0,1,1,0,1
0,0,0,0,0,0,0,0,0,1,0,1,0,0,0,1,1,0,0,1
1,0,0,1,0,0,0,0,0,0,1,0,0,0,0,0,1,1,0,1
0,0,0,0,0,0,0,0,0,0,1,0,0,0,0,0,1,1,0,1
0,0,0,0,0,0,0,1,0,17,0,1,0,0,1,0,1,1,0,1
0,0,0,0,0,0,0,0,0,1,0,1,0,0,0,1,1,0,0,1
0,1,0,0,0,0,0,0,0,6,0,0,0,0,0,1,1,1,0,1
0,0,0,1,0,0,0,0,0,1,0,1,0,0,0,1,1,0,0,1
0,0,0,0,0,0,0,0,0,1,0,1,0,0,0,1,1,0,0,1
0,1,0,0,0,0,1,0,0,4,0,1,0,0,0,0,1,1,0,1
0,0,0,0,0,0,0,0,0,129,0,0,0,0,0,1,0,0,0,1
0,1,1,1,0,0,0,0,0,8,0,0,0,0,0,1,1,0,0,1
0,0,0,0,0,0,0,0,0,3,0,1,0,0,1,0,1,0,0,1
0,1,0,1,0,0,0,0,0,1,0,1,0,0,0,1,1,0,0,1
0,0,1,0,0,0,0,0,0,0,1,0,0,0,0,0,1,1,0,1
0,1,0,0,0,0,0,0,0,2,0,1,0,1,0,0,1,1,0,1
0,1,0,1,0,0,0,0,0,2,0,1,0,0,0,0,1,1,0,1
1,0,0,0,0,0,0,0,0,0,1,0,0,0,0,0,1,1,0,1
0,1,0,1,0,0,1,0,1,6,0,0,1,0,0,0,1,1,0,1
1,1,0,0,1,0,0,0,0,1,0,1,0,0,1,0,1,1,0,1
1,1,0,0,0,0,0,0,0,0,1,0,0,0,0,0,1,1,0,1
1,0,0,0,0,0,0,0,0,0,1,0,0,0,0,0,1,1,0,1
0,0,0,0,0,0,0,0,0,1,0,1,0,0,0,0,1,1,0,1
0,0,0,0,0,0,0,0,0,2,0,0,0,0,0,0,1,1,0,1
0,1,1,0,0,0,0,0,0,1,0,0,0,0,0,1,1,0,1,1
0,0,0,0,0,0,0,0,0,1,0,0,0,0,0,0,1,1,0,1
0,0,0,0,0,0,0,0,0,0,1,0,0,0,0,0,1,1,0,1
1,1,1,0,0,0,0,0,0,0,1,0,0,0,0,0,1,1,0,1
0,0,0,0,0,0,0,1,0,1,0,1,0,0,0,0,1,0,0,1
0,1,0,0,0,0,0,1,0,133,0,0,0,0,0,1,0,0,0,1
0,1,0,0,1,0,0,0,0,1,0,1,0,0,1,0,1,1,0,1
0,0,0,1,0,0,0,0,0,0,1,0,0,0,0,0,1,1,0,1
0,1,0,0,0,0,0,0,0,3,0,1,0,0,1,0,1,0,0,1
1,1,1,0,0,0,1,0,0,0,1,0,0,0,0,0,1,1,0,1
0,1,1,0,0,0,0,0,0,3,0,1,0,0,1,1,1,0,0,1
0,1,1,0,0,0,0,0,0,0,1,0,0,0,0,0,1,1,0,1
0,1,0,0,0,0,0,0,1,15,0,1,0,0,0,1,1,1,1,1
1,1,1,0,0,0,0,0,0,1,0,1,0,0,1,0,1,1,0,1
0,0,0,0,0,0,0,0,0,1,0,0,0,0,0,0,1,1,0,1
0,1,0,0,0,0,0,0,0,1,0,1,0,0,0,0,1,1,0,1
0,0,1,0,0,0,0,1,1,12,0,1,0,0,1,0,0,1,1,1
0,0,0,0,0,0,1,0,0,81,0,0,0,0,0,1,1,0,0,1
0,1,0,0,0,0,0,0,0,4,0,0,0,0,0,0,1,1,0,1
0,0,0,0,0,0,0,0,0,1,0,0,0,0,0,0,1,1,0,1
0,0,0,1,0,0,0,1,1,49,0,1,0,0,0,1,1,1,0,1
0,1,0,1,0,0,0,0,0,1,0,1,0,0,1,0,1,1,0,1
0,1,1,0,0,0,0,0,0,0,1,0,0,0,0,0,1,1,0,1
0,0,0,0,0,0,0,0,0,2,0,1,0,1,0,0,1,1,0,1
0,0,0,0,0,0,1,1,0,12,0,1,0,0,0,1,1,1,0,1
0,0,1,0,0,0,0,0,0,0,1,0,0,0,0,0,1,1,0,1
0,0,0,0,0,0,0,0,0,1,0,1,0,0,0,1,1,0,0,1
0,1,0,0,0,0,0,0,0,3,0,1,0,0,1,1,1,0,0,1
0,1,0,0,0,0,0,0,0,0,1,0,0,0,0,0,1,1,0,1
0,0,0,0,0,0,0,0,0,3,0,0,0,0,0,1,1,1,0,1
0,1,0,0,0,0,0,0,0,0,1,0,0,0,0,0,1,1,0,1
0,1,0,0,0,0,0,0,0,1,0,1,0,0,0,1,1,0,0,1
0,1,1,0,0,0,0,0,0,33,0,1,0,0,0,1,1,0,1,1
0,1,0,1,0,0,0,0,0,1,0,1,0,0,0,1,1,0,0,1
0,1,0,1,0,0,0,0,0,0,1,0,0,0,0,0,1,1,0,1
0,0,0,0,0,0,0,1,0,2,0,1,0,0,0,0,1,1,0,1
0,0,0,0,1,0,0,0,0,0,1,0,0,0,0,0,1,1,0,1
1,1,1,0,0,0,1,0,0,0,1,0,0,0,0,0,1,1,0,1
0,0,0,0,0,0,0,0,0,0,1,0,0,0,0,0,1,1,0,1
0,0,0,0,0,0,0,0,0,1,0,1,0,0,0,1,1,0,0,1
0,0,0,0,1,0,0,0,0,0,1,0,0,0,0,0,1,1,0,1
0,0,0,0,0,0,0,0,0,1,0,1,0,0,0,1,1,0,0,1
0,0,0,0,0,0,0,0,0,0,1,0,0,0,0,0,1,1,0,1
0,0,0,1,0,0,0,0,0,0,1,0,0,0,0,0,1,1,0,1
0,1,0,0,0,0,0,1,0,3,0,1,0,0,0,1,1,0,0,1
0,0,0,0,0,0,0,0,0,1,0,1,0,0,0,1,1,0,0,1
0,1,0,1,0,0,0,0,0,1,0,1,0,0,0,1,1,0,0,1
0,1,0,0,0,0,0,0,0,1,0,1,0,0,0,1,1,0,0,1
0,0,1,0,0,0,0,0,0,0,1,0,0,0,0,0,1,1,0,1
0,0,0,0,0,0,0,0,0,0,1,0,0,0,0,0,1,1,0,1
0,1,0,0,0,0,0,0,0,1,0,1,0,0,0,1,1,0,0,1
0,1,1,0,0,0,0,0,0,4,0,1,0,0,1,1,1,1,0,1
0,0,0,1,0,0,0,0,0,0,1,0,0,0,0,0,1,1,0,1
1,0,0,0,1,0,0,0,0,1,0,0,0,0,0,0,1,1,0,1
0,1,0,0,0,0,0,1,0,2,0,1,0,0,1,0,1,1,0,1
0,0,0,0,0,0,0,0,0,0,1,0,0,0,0,0,1,1,0,1
0,0,0,0,0,0,0,1,0,7,0,1,0,0,0,0,1,0,0,1
0,1,0,0,0,0,0,0,0,0,1,0,0,0,0,0,1,1,0,1
0,1,0,0,0,0,0,0,0,1,0,1,0,0,0,1,1,0,0,1
0,0,1,0,0,0,0,0,0,0,1,0,0,0,0,0,1,1,0,1
0,0,1,0,0,0,0,0,0,0,1,0,0,0,0,0,1,1,0,1
0,0,0,0,0,0,0,0,0,2,0,0,0,0,0,0,1,1,1,1
1,0,0,0,1,0,0,0,0,0,1,0,0,0,0,0,1,1,0,1
0,0,0,0,0,0,0,0,0,0,1,0,0,0,0,0,1,1,0,1
0,0,0,0,0,0,0,1,0,9,0,0,0,0,0,0,1,0,0,1
0,1,1,0,0,0,0,1,1,8,0,1,0,0,0,1,1,1,1,1
0,1,0,0,0,0,0,0,0,1,0,1,0,0,0,0,1,1,0,1
0,0,0,0,0,0,0,0,0,18,0,0,0,0,0,0,1,0,1,1
0,1,0,0,0,0,0,0,0,2,0,1,0,0,0,1,1,0,0,1
0,1,1,0,0,0,0,0,0,0,1,0,0,0,0,0,1,0,0,1
1,1,0,0,0,0,0,0,0,0,1,0,0,0,0,0,1,1,0,1
0,0,0,0,0,0,0,0,0,3,0,1,0,0,0,1,1,1,1,1
0,1,1,0,0,0,0,0,0,0,1,0,0,0,0,0,1,1,0,1
0,0,0,0,0,0,0,0,0,1,0,1,0,0,0,1,1,0,0,1
0,1,0,0,0,0,0,0,0,1,0,1,0,0,0,1,0,0,0,1
0,0,0,0,0,0,0,0,0,0,1,0,0,0,0,0,1,1,0,1
0,0,0,0,0,0,0,0,0,0,1,0,0,0,0,1,1,1,0,1
0,1,0,0,0,0,0,0,0,0,1,0,0,0,0,0,1,1,0,1
0,0,0,0,0,0,0,0,0,58,0,0,0,0,0,0,1,0,0,1
0,0,0,0,0,0,0,0,0,1,0,1,0,0,0,0,1,1,0,1
0,0,1,0,0,0,0,1,0,1,0,1,0,0,0,0,1,1,0,1
0,0,1,0,0,0,0,0,0,0,1,0,0,0,0,0,1,1,0,1
0,0,0,0,0,0,0,0,0,1,0,0,0,0,0,0,1,1,0,1
0,0,0,0,0,0,0,0,0,0,1,0,0,0,0,0,1,1,0,1
0,1,0,0,0,0,1,1,0,3,0,1,0,0,0,1,1,0,0,1
0,0,0,0,0,0,0,0,0,1,0,1,0,0,0,0,1,1,0,1
1,0,1,0,0,0,0,0,0,0,1,0,0,0,0,0,1,1,0,1
0,0,0,0,0,0,1,0,0,9,0,1,0,0,0,1,1,1,0,1
0,1,1,0,0,0,0,1,1,8,0,1,0,0,0,1,1,1,1,1
1,0,1,0,0,0,0,0,0,0,1,0,0,0,0,0,1,1,0,1
0,0,0,0,0,0,0,1,1,17,0,1,0,0,0,1,1,1,0,1
0,1,0,0,0,0,0,0,0,1,0,1,0,0,0,1,1,0,0,1
0,0,0,0,0,0,0,0,0,0,1,0,0,0,0,0,1,1,0,1
0,0,0,0,0,0,0,0,0,1,0,1,0,0,0,1,1,0,0,1
0,0,0,0,0,0,0,0,0,0,1,0,0,0,0,1,1,1,0,1
0,1,0,0,0,0,1,1,0,3,0,1,0,0,0,1,1,0,0,1
0,1,0,1,0,0,0,1,0,27,0,0,0,0,0,1,1,1,0,1
0,0,0,0,0,0,0,1,0,97,0,0,0,0,0,1,1,0,0,1
0,1,0,0,0,0,0,0,0,1,0,1,0,0,0,1,1,0,0,1
0,1,0,0,0,0,0,0,0,1,0,1,0,0,0,1,1,0,0,1
0,0,0,0,0,0,0,0,0,0,1,0,0,0,0,0,1,1,0,1
0,0,0,0,0,0,0,0,0,1,0,1,0,0,0,1,1,0,0,1
1,1,1,0,0,0,0,0,0,10,0,0,1,0,0,1,1,1,0,1
0,1,0,0,0,0,0,0,0,1,0,1,0,0,0,1,1,0,0,1
0,1,0,0,0,0,0,0,0,0,1,0,0,0,0,0,1,1,0,1
0,1,0,0,0,0,0,0,0,1,0,1,0,0,0,0,1,1,0,1
0,1,0,1,0,0,0,0,0,0,1,0,0,0,0,0,1,1,0,1
1,1,0,0,0,0,0,1,0,3,0,1,0,0,0,1,1,0,0,1
0,0,0,0,0,0,0,0,0,1,0,1,0,0,0,1,1,0,0,1
0,1,1,0,0,0,0,1,0,62,0,1,0,0,1,1,1,1,1,1
0,0,0,1,0,0,0,0,0,66,0,0,0,0,0,0,1,0,0,1
0,0,1,0,0,0,0,0,0,2,0,1,0,1,1,0,1,1,0,1
0,1,0,0,0,0,0,0,0,13,0,0,1,0,0,0,1,1,0,1
0,1,0,0,0,0,0,0,0,0,1,0,0,0,0,0,1,1,0,1
0,0,0,0,0,0,0,0,0,0,1,0,0,0,0,0,1,1,0,1
0,1,0,0,0,0,0,0,0,0,1,0,0,0,0,0,1,1,0,1
0,1,0,0,0,0,0,0,0,1,0,1,0,0,0,1,1,0,0,1
0,0,0,0,0,0,0,1,0,158,0,1,0,0,0,1,1,1,0,1
0,0,0,0,0,0,0,0,0,1,0,1,0,0,0,1,1,0,0,1
0,0,0,0,0,0,0,0,0,0,1,0,0,0,0,0,1,1,0,1
0,1,0,0,0,0,0,0,0,1,0,1,0,0,0,1,1,0,0,1
0,0,0,0,0,0,0,0,0,1,0,1,0,0,0,0,1,1,0,1
0,0,0,0,0,0,0,0,0,10,0,0,0,0,0,0,1,0,0,1
0,1,0,0,0,0,0,0,0,1,0,1,0,0,0,1,1,0,0,1
0,1,0,0,0,0,0,0,0,1,0,1,0,0,0,1,1,0,0,1
0,0,0,0,0,0,0,0,0,2,0,0,0,1,0,0,1,1,0,1
0,1,0,0,0,0,0,0,0,7,0,1,0,0,0,1,1,1,1,1
0,1,0,0,0,0,0,0,0,1,0,1,0,0,0,1,0,0,0,1
1,1,0,0,1,0,0,0,0,1,0,1,0,0,1,0,1,1,0,1
0,1,0,0,0,0,0,0,0,2,0,1,0,0,0,0,1,1,0,1
1,1,0,0,0,0,1,0,0,5,0,0,0,0,0,1,1,0,0,1
0,0,0,1,0,0,0,0,0,7,0,0,0,0,0,1,1,1,0,1
0,1,1,0,0,0,0,0,0,1,0,0,0,0,0,1,1,0,1,1
1,0,0,1,0,0,0,0,0,1,0,1,0,0,0,1,1,0,0,1
0,0,0,0,0,0,0,0,0,0,1,0,0,0,0,0,1,1,0,1
0,0,0,0,0,0,0,1,0,4,0,1,0,0,1,0,0,0,1,1
0,1,0,0,0,0,0,0,0,1,0,1,0,0,0,1,1,0,0,1
0,0,0,0,0,0,0,0,0,0,1,0,0,0,0,0,1,1,0,1
1,1,0,0,0,0,0,0,0,0,1,0,0,0,0,0,1,1,0,1
0,0,0,0,0,0,0,0,1,1,0,1,0,0,1,0,1,1,0,1
0,1,0,0,1,0,0,0,0,1,0,1,0,0,1,0,1,1,0,1
0,1,0,0,0,0,0,0,0,0,1,0,0,0,0,0,1,1,0,1
0,0,0,0,0,0,0,0,0,296,0,0,0,0,0,1,0,0,0,1
0,0,0,0,0,0,0,0,0,1,0,1,0,0,0,1,1,0,0,1
0,0,0,0,0,0,0,0,0,1,0,1,0,0,0,1,1,0,0,1
0,0,0,0,0,0,0,0,0,0,1,0,0,0,0,0,1,1,0,1
0,1,0,0,0,0,0,0,0,3,0,1,0,0,1,0,1,0,0,1
0,0,1,0,0,0,0,0,0,0,1,0,0,0,0,0,1,1,0,1
0,1,0,0,0,0,0,0,0,0,1,0,0,0,0,0,1,1,0,1
0,1,1,1,0,0,0,0,0,147,0,0,1,0,0,0,1,1,0,1
0,0,0,0,0,0,0,0,0,0,1,0,0,0,0,0,1,1,0,1
0,1,0,0,0,0,0,0,0,1,0,1,0,0,0,0,1,1,0,1
0,1,0,0,0,0,0,0,0,0,1,0,0,0,0,0,1,1,0,1
0,0,0,0,0,0,0,0,0,0,1,0,0,0,0,0,1,1,0,1
0,0,0,0,0,0,0,1,0,53,0,0,0,0,0,1,1,0,0,1
0,1,0,0,0,0,0,0,0,2,0,1,0,1,1,0,1,1,0,1
0,0,0,0,0,0,0,0,0,1,0,0,0,0,0,0,1,1,0,1
0,0,0,0,0,0,0,0,1,91,0,1,0,0,0,1,1,0,0,1
0,1,0,0,0,0,0,0,0,3,0,1,0,0,1,0,1,0,0,1
0,1,0,0,0,0,1,0,0,1,0,0,0,0,0,0,1,1,0,1
0,0,0,0,0,0,0,0,0,0,1,0,0,0,0,0,1,1,0,1
0,1,0,0,0,0,0,0,0,1,0,1,0,0,0,1,1,0,0,1
0,0,0,0,0,0,0,0,0,0,1,0,0,0,0,0,1,1,0,1
1,0,0,0,0,0,0,0,0,0,1,0,0,0,0,0,1,1,0,1
0,0,0,0,0,0,0,0,0,14,0,1,0,0,0,0,0,1,0,1
0,0,0,0,0,0,0,0,0,6,0,0,0,0,0,0,1,0,1,1
0,0,0,0,0,0,0,0,1,0,1,0,0,0,0,0,1,0,0,1
0,0,0,0,0,0,0,1,0,6,0,1,0,0,0,1,1,1,0,1
0,1,0,0,0,0,0,0,0,1,0,1,0,0,0,1,1,0,0,1
0,0,0,0,0,0,0,0,1,117,0,1,0,0,0,1,1,0,1,1
0,0,0,0,0,0,0,1,0,0,1,0,0,0,0,0,1,1,1,1
0,0,1,0,0,0,0,0,0,0,1,0,0,0,0,0,1,1,0,1
0,0,0,0,0,0,0,0,0,0,1,0,0,0,0,0,1,1,0,1
0,1,0,0,0,0,0,0,0,0,1,0,0,0,0,0,1,1,0,1
1,0,0,1,0,0,0,0,0,0,1,0,0,0,0,0,1,1,0,1
0,1,0,0,0,0,0,1,1,55,0,1,0,0,0,0,1,1,1,1
0,1,1,0,0,0,0,1,0,4,0,1,0,0,0,0,1,1,0,1
0,0,0,0,0,0,1,0,0,16,0,0,1,0,0,0,1,1,0,1
0,1,0,0,0,0,0,0,0,3,0,1,0,0,1,1,1,0,0,1
0,1,0,0,0,0,0,1,1,83,0,1,0,0,0,1,1,0,1,1
0,1,1,0,0,0,0,0,0,3,0,1,0,0,0,0,1,1,0,1
0,0,0,0,0,0,0,0,0,1,0,0,0,0,0,0,1,1,0,1
0,0,0,0,0,0,0,0,0,1,0,1,0,0,0,1,1,0,0,1
0,0,0,0,0,0,0,1,0,13,0,0,0,0,0,0,1,0,0,1
0,0,1,0,0,0,0,0,0,13,0,1,0,0,0,1,1,1,1,1
0,1,0,0,0,0,0,0,0,16,0,1,0,0,1,1,1,0,1,1
0,1,0,0,0,0,0,1,0,17,0,1,0,0,1,1,1,0,0,1
0,0,0,0,0,0,0,1,0,17,0,1,0,0,1,0,1,1,0,1
0,0,0,0,0,0,0,0,1,31,0,1,0,0,0,1,0,0,0,1
0,0,0,0,0,0,0,0,0,11,0,1,0,0,0,0,1,1,0,1
0,0,0,0,0,0,0,0,0,0,1,0,0,0,0,0,1,1,0,1
0,0,0,0,0,0,0,0,0,0,1,0,0,0,0,0,1,1,0,1
0,0,0,0,0,0,0,0,1,27,0,1,0,0,1,0,1,1,0,1
0,1,0,1,0,0,0,0,0,0,1,0,0,0,0,0,1,1,0,1
0,0,0,0,0,0,0,0,0,31,0,1,0,0,1,0,1,0,0,1
1,1,1,0,1,0,1,0,0,1,0,1,0,1,0,0,1,1,0,1
0,1,1,0,0,0,0,0,0,3,0,1,0,0,1,1,1,1,0,1
0,0,0,0,0,0,0,0,0,1,0,1,0,0,0,1,1,0,0,1
0,0,0,0,0,0,1,1,0,1,0,1,0,0,1,1,1,1,0,1
0,0,1,0,0,0,0,0,0,0,1,0,0,0,0,0,1,1,0,1
0,1,0,0,0,0,0,0,0,5,0,1,0,0,1,0,1,0,0,1
0,1,1,0,0,0,0,1,1,6,0,1,0,0,0,1,1,1,0,1
1,0,0,0,0,0,0,0,0,5,0,0,1,0,0,1,1,1,0,1
1,0,0,0,0,0,0,1,0,17,0,1,0,0,1,0,1,1,0,1
0,0,0,0,0,0,0,0,0,2,0,0,0,0,1,0,1,1,0,1
0,0,0,0,0,0,0,1,0,3,0,1,0,0,1,1,1,1,0,1
0,1,1,0,0,0,0,0,0,0,1,0,0,0,0,0,1,0,0,1
1,1,1,0,0,0,0,1,1,9,0,1,0,0,0,1,1,1,1,1
1,0,0,0,1,0,0,0,0,0,1,0,0,0,0,0,1,1,0,1
0,1,0,0,0,0,0,0,0,4,0,0,0,0,0,1,1,0,0,1
1,0,1,0,0,0,0,0,0,0,1,0,0,0,0,0,1,1,0,1
0,1,0,1,0,0,0,0,0,1,0,1,0,0,0,0,1,1,0,1
1,1,1,0,0,0,0,0,0,0,1,0,0,0,0,0,1,1,0,1
0,0,0,0,0,0,0,0,0,1,0,1,0,0,0,1,1,0,0,1
0,1,0,0,0,0,0,0,0,2,0,1,0,0,0,1,1,0,0,1
1,1,0,0,1,0,0,1,0,4,0,1,0,0,0,0,1,0,0,1
0,0,0,0,0,0,0,0,0,0,1,0,0,0,0,0,1,1,0,1
0,0,0,0,0,0,0,0,0,0,1,0,0,0,0,0,1,1,0,1
0,1,0,0,0,0,0,1,0,3,0,1,0,0,0,1,1,0,0,1
0,0,0,0,0,0,0,0,0,0,1,0,0,0,0,0,1,1,0,1
0,0,1,0,0,0,0,0,0,0,1,0,0,0,0,0,1,1,0,1
0,1,0,0,0,0,0,0,0,4,0,1,0,0,0,1,1,1,0,1
0,1,0,0,0,0,0,1,0,7,0,1,0,0,0,1,1,1,1,1
0,0,0,0,0,0,0,0,1,12,0,1,0,0,0,1,0,0,1,1
0,1,1,0,0,0,0,0,0,0,1,0,0,0,0,0,1,1,0,1
0,0,0,0,0,0,0,0,0,10,0,1,0,0,1,1,1,0,1,1
0,0,0,0,0,0,0,0,0,7,0,1,0,0,0,1,1,1,1,1
1,1,0,0,0,0,0,0,0,0,1,0,0,0,0,0,1,1,0,1
1,0,0,0,1,0,0,0,0,0,1,0,0,0,0,0,1,1,0,1
0,1,0,0,0,0,0,0,0,4,0,0,0,0,0,0,1,1,0,1
0,0,0,0,0,0,0,0,0,13,0,0,0,0,0,0,1,1,1,1
0,0,0,0,0,0,0,0,0,0,1,0,0,0,0,0,1,1,0,1
0,0,0,0,0,0,0,0,0,1,0,1,0,0,0,0,1,1,0,1
0,1,0,0,0,0,0,0,0,1,0,0,0,0,0,1,1,1,0,1
0,0,0,0,0,0,0,1,0,15,0,1,0,0,1,1,1,0,0,1
0,0,1,0,0,0,0,0,0,0,1,0,0,0,0,0,1,1,0,1
0,1,0,0,0,0,0,0,0,3,0,1,0,0,1,0,1,0,0,1
0,0,0,0,0,0,0,0,0,45,0,0,0,0,0,1,0,0,0,1
0,0,0,0,0,0,0,0,0,5,0,1,0,0,0,0,1,0,1,1
0,0,0,0,0,0,0,0,0,9,0,0,0,0,0,1,1,0,0,1
0,1,0,0,0,0,1,0,0,15,0,1,0,0,0,0,1,1,1,1
0,0,0,0,0,0,0,0,0,0,1,0,0,0,0,0,1,1,0,1
0,1,0,0,0,0,0,1,0,3,0,0,0,0,0,0,1,1,0,1
1,1,1,0,0,0,0,1,1,9,0,1,0,0,0,1,1,1,0,1
0,0,0,0,0,0,0,1,0,17,0,1,0,0,1,0,1,1,0,1
0,0,0,0,0,0,0,1,0,4,0,1,0,0,1,0,0,0,1,1
1,1,0,0,0,0,0,0,0,0,1,0,0,0,0,0,1,1,0,1
0,1,0,0,0,0,0,0,0,0,1,0,0,0,0,0,1,0,0,1
0,1,0,0,0,0,0,0,0,1,0,1,0,0,0,1,1,0,0,1
0,1,0,0,0,0,0,0,0,0,1,0,0,0,0,0,1,1,0,1
0,1,0,0,0,0,1,0,0,1,0,0,0,0,0,0,1,1,0,1
0,1,0,0,0,0,0,0,0,3,0,1,0,0,1,0,1,0,0,1
1,1,1,0,1,0,0,0,0,0,1,0,0,0,0,0,1,1,0,1
0,1,0,0,0,0,0,0,0,10,0,1,0,0,0,1,1,1,1,1
0,1,0,0,0,0,0,0,0,0,1,0,0,0,0,0,1,1,0,1
1,1,1,0,0,0,0,1,0,6,0,1,0,0,0,0,1,1,1,1
0,0,0,0,0,0,0,0,0,1,0,0,0,0,0,0,1,1,0,1
0,1,0,0,0,0,0,0,0,2,0,1,0,1,0,0,1,1,0,1
0,1,0,0,0,0,0,0,0,0,1,0,0,0,0,1,1,1,1,1
0,0,0,0,0,0,0,0,0,0,1,0,0,0,0,0,1,1,0,1
0,0,0,0,0,0,0,0,0,0,1,0,0,0,0,0,1,1,0,1
0,0,0,0,0,0,0,0,0,0,1,0,0,0,0,0,1,1,0,1
0,0,0,0,0,0,0,0,0,1,0,0,1,0,0,1,1,1,0,1
0,0,0,0,0,0,0,1,0,2,0,1,0,0,0,0,1,1,0,1
0,1,1,0,0,0,0,0,0,0,1,0,0,0,0,0,1,1,0,1
0,0,1,0,0,0,0,0,0,0,1,0,0,0,0,0,1,1,0,1
0,0,1,0,0,0,0,0,0,0,1,0,0,0,0,0,1,1,0,1
0,0,1,0,0,0,0,0,0,0,1,0,0,0,0,0,1,1,0,1
0,1,1,1,0,0,0,0,0,0,1,0,0,0,0,0,1,1,0,1
0,0,0,0,0,0,0,0,0,0,1,0,0,0,0,0,1,1,0,1
0,0,0,0,0,0,0,0,0,2,0,1,0,0,0,1,1,1,0,1
1,1,0,0,0,0,0,0,0,0,1,0,0,0,0,0,1,1,0,1
0,0,0,0,0,0,0,1,0,0,1,0,0,0,0,0,1,1,1,1
0,1,1,0,0,0,0,1,0,20,0,1,0,0,0,1,1,1,1,1
0,0,0,0,0,0,0,0,0,1,0,0,0,0,0,0,1,1,0,1
1,1,1,0,0,0,0,1,0,3,0,1,0,0,0,0,1,1,1,1
0,0,0,0,0,0,0,0,0,13,0,0,0,0,0,0,1,1,1,1
0,1,1,1,0,0,0,0,0,147,0,0,1,0,0,0,1,1,0,1
0,0,0,0,0,0,0,0,0,0,1,0,0,0,0,0,1,1,0,1
0,1,0,0,0,0,0,0,0,3,0,1,0,0,1,0,1,0,0,1
0,1,0,0,0,0,0,0,0,9,0,1,0,0,0,1,1,0,1,1
0,0,0,0,0,0,0,0,0,4,0,0,0,0,0,0,1,1,1,1
0,0,0,0,0,0,0,0,0,0,1,0,0,0,0,0,1,1,0,1
0,0,0,0,0,0,0,0,0,1,0,0,0,0,1,1,1,0,0,1
1,1,1,0,0,0,0,1,1,146,0,1,0,0,0,1,1,0,1,1
0,0,0,0,0,0,0,0,1,51,0,0,0,0,0,0,1,0,0,1
0,1,0,0,0,0,0,0,0,0,1,0,0,0,0,0,1,1,0,1
0,1,0,0,0,0,0,0,0,2,0,1,0,0,0,1,1,0,0,1
0,1,0,0,0,0,0,0,0,0,1,0,0,0,0,0,1,1,0,1
0,0,0,0,0,0,0,0,0,13,0,1,0,0,0,1,1,0,0,1
0,1,0,1,0,0,0,1,0,3,0,1,0,0,0,1,1,0,0,1
0,0,0,0,0,0,0,0,1,19,0,1,0,0,0,1,0,0,1,1
0,1,0,0,0,0,0,0,0,0,1,0,0,0,0,0,1,1,0,1
0,1,0,0,0,0,0,0,0,0,1,0,0,0,0,0,1,0,0,1
0,0,0,1,0,0,1,0,0,0,1,0,0,0,0,0,1,1,0,1
0,0,0,0,0,0,0,0,0,1,0,1,0,0,0,1,1,0,0,1
0,0,1,0,0,0,0,0,0,0,1,0,0,0,0,0,1,1,0,1
0,1,0,0,0,0,0,0,0,1,0,0,0,0,0,0,1,0,0,1
0,1,0,0,0,0,0,0,0,0,1,0,0,0,0,0,1,1,0,1
1,0,0,0,1,0,0,0,0,3,0,0,0,0,0,0,1,1,0,1
0,1,1,0,0,0,0,0,0,44,0,0,0,0,0,1,0,0,0,1
0,1,0,0,0,0,0,0,0,2,0,1,0,0,0,1,1,0,0,1
0,0,0,0,0,0,0,0,0,151,0,0,0,0,0,0,1,1,0,1
0,0,0,1,0,0,0,0,0,0,1,0,0,0,0,0,1,1,0,1
0,1,0,0,0,0,0,0,0,1,0,1,0,0,0,0,1,1,0,1
1,1,0,1,0,0,0,1,0,5,0,1,0,0,0,1,1,1,0,1
0,0,0,0,0,0,0,0,0,0,1,0,0,0,0,0,1,1,0,1
0,1,0,0,0,0,0,1,0,3,0,1,0,0,0,1,1,0,0,1
0,1,0,0,0,0,0,0,0,1,0,0,0,0,0,0,1,0,1,1
0,0,0,0,0,0,0,0,0,1,0,1,0,0,0,1,1,0,0,1
0,0,1,0,0,0,0,0,0,0,1,0,0,0,0,0,1,1,0,1
0,1,0,0,0,0,0,0,0,18,0,1,0,0,1,1,1,0,1,1
0,0,1,1,0,0,0,0,0,0,1,0,0,0,0,0,1,1,0,1
0,1,0,1,0,0,0,0,0,2,0,1,0,0,0,1,1,0,0,1
0,1,0,0,0,0,0,0,0,2,0,1,0,1,0,0,1,1,0,1
1,0,0,0,0,0,0,0,0,0,1,0,0,0,0,0,1,1,0,1
0,0,0,0,0,0,0,1,1,17,0,0,0,0,0,1,1,1,0,1
0,0,0,0,0,0,0,0,0,1,0,0,0,0,0,0,1,1,0,1
0,1,0,0,0,0,0,0,0,1,0,1,0,0,0,1,1,0,0,1
0,1,1,0,0,0,0,0,0,114,0,0,0,0,0,1,0,0,0,1
0,1,1,0,0,0,0,0,0,1,0,0,0,0,0,1,1,0,1,1
0,1,1,0,0,0,0,0,0,3,0,1,0,0,1,1,1,0,0,1
0,1,0,0,0,0,0,0,0,3,0,1,0,0,1,0,1,0,0,1
0,0,0,0,0,0,0,0,0,1,0,0,0,0,0,0,1,1,0,1
0,1,0,0,0,0,0,1,0,3,0,1,0,0,0,1,1,0,0,1
0,0,0,0,0,0,0,1,0,145,0,0,0,0,0,0,1,1,0,1
0,0,0,0,0,0,0,0,0,0,1,0,0,0,0,0,1,1,0,1
0,0,0,1,0,0,0,0,0,1,0,1,0,0,0,1,1,0,0,1
0,1,0,0,0,0,0,0,0,2,0,1,0,0,0,0,1,1,0,1
0,0,0,0,0,0,0,1,1,45,0,1,0,0,0,1,1,1,0,1
0,0,0,0,0,0,0,1,0,109,0,0,0,0,0,0,1,0,1,1
0,0,0,0,0,0,0,0,0,0,1,0,0,0,0,0,1,1,0,1
0,0,0,0,0,0,0,1,0,165,0,0,0,0,0,1,0,0,0,1
0,1,1,0,0,0,0,0,0,18,0,1,0,0,0,0,1,1,0,1
0,1,0,1,0,0,0,0,0,5,0,0,0,0,0,0,1,0,0,1
0,0,1,0,0,0,0,0,0,0,1,0,0,0,0,0,1,1,0,1
0,1,0,0,0,0,0,1,0,7,0,1,0,0,0,1,1,1,1,1
0,1,1,1,0,0,0,0,0,147,0,0,1,0,0,0,1,1,0,1
0,0,0,1,0,0,0,0,0,0,1,0,0,0,0,0,1,1,0,1
0,1,1,0,0,0,0,0,0,4,0,1,0,0,1,1,1,1,0,1
0,0,0,0,0,0,0,0,0,1,0,0,0,0,0,0,1,1,0,1
0,0,0,0,0,0,0,0,0,0,1,0,0,0,0,0,1,0,0,1
0,1,0,0,0,0,0,0,0,3,0,1,0,0,1,0,1,0,0,1
0,1,1,0,0,0,0,0,0,3,0,1,0,0,1,1,1,0,0,1
0,0,0,0,0,0,0,0,0,0,1,0,0,0,0,0,1,1,0,1
0,0,0,0,0,0,0,0,0,3,0,1,0,0,1,1,1,1,0,1
0,1,0,0,0,0,0,0,0,3,0,1,0,0,1,0,1,0,0,1
0,1,0,0,0,0,0,0,0,0,1,0,0,0,0,0,1,1,0,1
0,1,0,0,0,0,0,0,0,1,0,1,0,0,0,1,1,0,0,1
0,0,0,0,0,0,0,0,1,12,0,1,0,0,1,1,1,0,1,1
0,1,0,0,0,0,0,0,0,1,0,1,0,0,0,1,1,0,0,1
0,0,0,0,0,0,0,1,0,1,0,1,0,1,0,0,1,1,0,1
1,0,0,1,1,0,0,0,0,0,1,0,0,0,0,0,1,1,0,1
0,1,0,0,0,0,0,0,0,2,0,1,0,0,0,1,1,0,0,1
0,1,0,0,0,0,0,0,0,0,1,0,0,0,0,0,1,1,0,1
0,1,0,0,0,0,0,0,1,16,0,1,0,0,0,1,1,1,1,1
0,0,0,0,0,0,0,0,0,1,0,1,0,0,0,0,1,1,0,1
0,1,1,0,0,0,0,0,0,0,1,0,0,0,0,0,1,0,0,1
0,1,0,0,0,0,0,0,0,2,0,1,0,1,1,0,1,1,0,1
1,1,1,1,0,1,0,0,0,0,1,0,0,0,0,0,1,0,0,1
0,1,0,0,0,0,0,0,0,1,0,1,0,0,0,0,1,1,0,1
0,1,0,0,0,0,0,0,0,3,0,1,0,0,1,1,1,1,1,1
0,1,0,1,0,0,1,0,0,7,0,1,0,0,0,1,1,1,1,1
0,0,0,0,0,0,0,1,0,4,0,1,0,0,1,0,0,0,1,1
0,1,0,0,0,0,0,0,0,3,0,1,0,0,1,0,1,0,0,1
0,1,0,0,0,0,0,0,0,2,0,1,0,0,0,0,1,1,0,1
0,0,0,0,0,0,0,0,0,1,0,1,0,0,0,1,1,0,0,1
0,0,0,0,0,0,0,0,0,1,0,1,0,0,0,1,1,0,0,1
0,1,0,1,0,0,0,0,1,2,0,0,1,0,0,1,1,1,0,1
0,1,0,0,0,0,0,0,0,0,1,0,0,0,0,0,1,1,0,1
0,0,0,0,0,0,0,0,0,7,0,1,0,0,0,1,1,1,1,1
0,1,0,0,0,0,0,0,0,10,0,0,0,0,0,0,1,1,0,1
0,0,0,0,0,0,0,0,0,2,0,0,0,0,0,0,1,1,0,1
0,0,0,0,0,0,0,0,0,17,0,1,0,0,0,0,1,0,0,1
1,0,0,0,0,0,0,0,0,0,1,0,0,0,0,0,1,1,0,1
1,0,1,0,0,0,0,0,0,0,1,0,0,0,0,0,1,1,0,1
0,0,0,0,0,0,0,0,0,0,1,0,0,0,0,0,1,1,0,1
0,0,0,0,0,0,0,0,0,0,1,0,0,0,0,0,1,1,0,1
0,1,1,0,0,0,0,0,0,4,0,1,0,0,1,1,1,1,0,1
0,1,0,0,0,0,0,0,0,4,0,0,0,0,0,0,1,0,0,1
0,0,0,0,0,0,0,0,0,1,0,0,0,0,0,0,1,1,0,1
0,1,1,1,0,0,0,0,0,1,0,1,0,0,1,0,1,1,0,1
1,0,0,0,0,0,0,0,0,1,0,1,0,0,0,1,1,0,0,1
0,1,1,0,0,0,0,0,0,0,1,0,0,0,0,0,1,0,0,1
0,1,0,0,0,0,0,0,0,1,0,1,0,0,0,0,1,1,0,1
0,1,1,0,0,0,0,0,0,3,0,1,0,0,0,1,1,0,0,1
0,0,0,0,0,0,0,0,1,15,0,0,0,0,0,1,0,0,0,1
1,0,1,0,0,0,0,0,0,0,1,0,0,0,0,0,1,1,0,1
0,0,0,0,0,0,0,0,0,4,0,1,0,0,0,1,1,0,1,1
0,0,0,0,0,0,0,0,0,0,1,0,0,0,0,0,1,1,0,1
0,1,1,0,0,0,1,0,0,197,0,0,0,0,0,0,1,0,0,1
0,1,0,0,0,0,0,0,0,3,0,1,0,0,1,1,1,0,0,1
1,1,1,1,0,0,0,0,0,0,1,0,0,0,0,0,1,1,0,1
0,0,1,0,0,0,0,0,0,0,1,0,0,0,0,0,1,1,0,1
0,1,0,0,0,0,0,0,0,2,0,1,0,1,1,0,1,1,0,1
0,0,0,0,0,0,0,0,0,1,0,1,0,0,0,0,1,1,0,1
0,1,0,0,0,0,0,0,0,1,0,1,0,0,0,0,1,1,0,1
0,0,0,0,0,0,0,0,0,0,1,0,0,0,0,0,1,1,0,1
1,1,0,0,0,0,0,0,1,33,0,0,1,0,0,0,1,1,1,1
0,0,0,1,0,0,0,0,0,1,0,1,0,0,0,1,1,0,0,1
0,0,0,0,0,0,0,0,0,3,0,1,0,0,1,0,1,1,0,1
0,0,0,0,0,0,0,0,1,110,0,1,0,0,0,0,1,0,1,1
0,1,1,0,0,0,0,0,0,0,1,0,0,0,0,0,1,1,0,1
0,0,0,0,0,0,0,0,1,70,0,1,0,0,0,1,1,1,0,1
0,0,0,0,0,0,0,1,0,0,1,0,0,0,0,0,1,1,1,1
0,1,0,0,0,0,0,0,0,5,0,1,0,0,0,0,1,0,1,1
0,0,0,0,0,0,0,0,0,3,0,0,0,0,0,0,1,1,0,1
0,0,0,0,0,0,0,0,0,0,1,0,0,0,0,0,1,1,0,1
0,1,0,1,0,0,0,0,0,0,1,0,0,0,0,0,1,1,0,1
0,0,0,0,0,0,0,0,0,0,1,0,0,0,0,0,1,1,0,1
0,1,0,0,0,0,0,0,0,6,0,0,0,0,0,1,1,1,0,1
0,1,1,0,0,0,0,0,0,0,1,0,0,0,0,0,1,1,0,1
0,1,0,0,0,0,1,0,1,39,0,0,0,0,0,0,1,1,0,1
0,1,0,1,0,0,0,0,0,0,1,0,0,0,0,0,1,1,0,1
1,1,0,0,0,0,0,0,0,1,0,1,0,0,0,0,1,1,0,1
0,0,1,0,0,0,0,0,0,0,1,0,0,0,0,0,1,1,0,1
0,0,1,0,0,0,0,0,0,0,1,0,0,0,0,0,1,1,0,1
0,1,0,0,0,0,0,0,0,1,0,1,0,0,0,1,1,1,0,1
0,0,0,0,0,0,0,1,0,17,0,1,0,0,1,0,1,1,0,1
0,0,0,0,0,0,0,0,0,486,0,0,0,0,0,1,1,0,0,1
0,0,0,0,0,0,0,0,0,0,1,0,0,0,0,1,1,1,0,1
0,0,0,0,0,0,0,0,0,0,1,0,0,0,0,0,1,1,0,1
0,0,0,0,0,0,0,0,0,0,1,0,0,0,0,0,1,1,0,1
0,0,0,0,0,0,0,1,0,68,0,0,0,0,0,0,1,1,0,1
0,0,0,1,0,0,0,0,0,1,0,0,0,0,0,0,1,1,0,1
0,0,1,0,0,0,0,0,0,0,1,0,0,0,0,0,1,1,0,1
0,1,0,0,0,0,0,0,0,3,0,0,0,0,0,1,1,1,0,1
0,1,0,1,0,0,0,0,0,0,1,0,0,0,0,0,1,1,0,1
0,1,0,0,0,0,0,0,0,4,0,0,0,0,0,0,1,1,1,1
0,1,1,0,0,0,0,0,0,7,0,1,0,0,1,1,1,0,0,1
0,1,0,0,0,0,0,0,0,0,1,0,0,0,0,0,1,1,0,1
0,1,0,0,0,0,0,0,0,0,1,0,0,0,0,0,1,1,0,1
1,1,1,0,0,0,0,0,0,0,1,0,0,0,0,0,1,0,0,1
0,0,0,0,0,0,0,0,0,56,0,0,0,0,0,1,1,1,0,1
0,0,0,0,0,0,0,0,0,1,0,1,0,0,0,1,1,0,0,1
0,1,1,1,0,0,0,0,1,12,0,0,1,0,0,1,1,1,1,1
0,0,0,0,0,0,0,0,0,0,1,0,0,0,0,0,1,1,0,1
0,1,0,0,0,0,0,0,0,3,0,1,0,0,1,0,1,0,0,1
0,1,1,0,0,0,0,0,0,4,0,1,0,0,0,1,1,0,1,1
0,1,0,0,0,0,0,0,1,1,0,0,0,0,0,0,1,0,0,1
0,1,0,0,0,0,0,0,0,0,1,0,0,0,0,0,1,1,0,1
1,1,1,0,0,0,0,0,0,0,1,0,0,0,0,0,1,1,0,1
0,1,0,0,0,0,0,0,0,0,1,0,0,0,0,0,1,1,0,1
0,1,0,0,0,0,0,0,0,1,0,1,0,0,0,1,1,0,0,1
0,0,0,0,0,0,0,0,0,11,0,1,0,0,0,1,1,1,0,1
0,0,0,0,0,0,0,0,0,0,1,0,0,0,0,0,1,1,0,1
0,1,0,0,0,0,0,1,0,3,0,1,0,0,0,1,1,0,0,1
0,0,0,0,0,0,0,1,0,24,0,0,0,0,0,0,1,1,0,1
0,1,0,0,0,0,0,0,0,2,0,1,0,0,0,1,1,0,0,1
0,1,0,0,0,0,0,0,0,0,1,0,0,0,0,0,1,1,0,1
0,1,0,0,0,0,0,1,0,20,0,1,0,0,0,1,1,1,1,1
0,0,0,0,0,0,0,0,0,1,0,1,0,0,0,1,1,0,0,1
0,0,0,0,0,0,0,0,0,5,0,1,0,0,0,1,1,1,0,1
0,0,0,0,0,0,0,0,0,1,0,1,0,0,0,0,1,1,0,1
0,0,0,0,0,0,0,0,0,0,1,0,0,0,0,0,1,1,0,1
0,0,0,0,0,0,0,0,0,13,0,0,0,0,0,0,1,1,1,1
0,1,0,0,0,0,0,0,0,2,0,1,0,0,0,1,1,0,0,1
0,0,0,0,0,0,0,0,0,1,0,1,0,0,0,0,1,1,0,1
